dataset,mechanism,strength,seed,clean_auc,full_auc,inflation,diagnostic_auprc,top5_recall
ds_0,M01,S1,13,0.8925792539237918,1.0,0.10742074607620822,1.0,1.0
ds_0,M01,S1,42,0.8981814948201502,0.9999555377706638,0.10177404295051362,1.0,1.0
ds_0,M01,S1,2026,0.8975590236094437,1.0,0.10244097639055627,1.0,1.0
ds_0,M01,S3,13,0.8925792539237918,1.0,0.10742074607620822,1.0,1.0
ds_0,M01,S3,42,0.8981814948201502,0.9999555377706638,0.10177404295051362,1.0,1.0
ds_0,M01,S3,2026,0.8975590236094437,1.0,0.10244097639055627,1.0,1.0
ds_0,M01,S5,13,0.8925792539237918,1.0,0.10742074607620822,1.0,1.0
ds_0,M01,S5,42,0.8981814948201502,0.9999555377706638,0.10177404295051362,1.0,1.0
ds_0,M01,S5,2026,0.8975590236094437,1.0,0.10244097639055627,1.0,1.0
ds_0,M02,S1,13,0.8893145071489019,1.0,0.11068549285109808,1.0,1.0
ds_0,M02,S1,42,0.8924769498017906,1.0,0.1075230501982094,1.0,1.0
ds_0,M02,S1,2026,0.9015188633023028,0.9999109171083693,0.09839205380606653,1.0,1.0
ds_0,M02,S3,13,0.8893145071489019,1.0,0.11068549285109808,1.0,1.0
ds_0,M02,S3,42,0.8924769498017906,1.0,0.1075230501982094,1.0,1.0
ds_0,M02,S3,2026,0.9015188633023028,0.9999109171083693,0.09839205380606653,1.0,1.0
ds_0,M02,S5,13,0.8893145071489019,1.0,0.11068549285109808,1.0,1.0
ds_0,M02,S5,42,0.8924769498017906,1.0,0.1075230501982094,1.0,1.0
ds_0,M02,S5,2026,0.9015188633023028,0.9999109171083693,0.09839205380606653,1.0,1.0
ds_0,M03,S1,13,0.8893145071489019,0.9640105117812123,0.07469600463231041,1.0,1.0
ds_0,M03,S1,42,0.8924769498017906,0.9604917375618012,0.06801478776001058,1.0,1.0
ds_0,M03,S1,2026,0.9015188633023028,0.9584873725001113,0.05696850919780849,1.0,1.0
ds_0,M03,S3,13,0.8893145071489019,1.0,0.11068549285109808,1.0,1.0
ds_0,M03,S3,42,0.8924769498017906,1.0,0.1075230501982094,1.0,1.0
ds_0,M03,S3,2026,0.9015188633023028,0.9999109171083693,0.09839205380606653,1.0,1.0
ds_0,M03,S5,13,0.8893145071489019,1.0,0.11068549285109808,1.0,1.0
ds_0,M03,S5,42,0.8924769498017906,1.0,0.1075230501982094,1.0,1.0
ds_0,M03,S5,2026,0.9015188633023028,0.9999109171083693,0.09839205380606653,1.0,1.0
ds_0,M04,S1,13,0.8893145071489019,0.8926105741392364,0.0032960669903344675,0.2,1.0
ds_0,M04,S1,42,0.8924769498017906,0.8815197541312191,-0.010957195670571518,0.2,1.0
ds_0,M04,S1,2026,0.9015188633023028,0.8911407064273307,-0.010378156874972122,0.2,1.0
ds_0,M04,S3,13,0.8893145071489019,0.890517126185916,0.0012026190370141299,0.0625,0.0
ds_0,M04,S3,42,0.8924769498017906,0.8884682196784108,-0.004008730123379767,0.0625,0.0
ds_0,M04,S3,2026,0.9015188633023028,0.891452496548038,-0.010066366754264755,0.0625,0.0
ds_0,M04,S5,13,0.8893145071489019,0.8936795688388046,0.004365061689902694,0.1,0.0
ds_0,M04,S5,42,0.8924769498017906,0.8838804507594317,-0.00859649904235893,0.1,0.0
ds_0,M04,S5,2026,0.9015188633023028,0.8916752037771146,-0.009843659525188175,0.1,0.0
ds_0,M05,S1,13,0.8893145071489019,0.8911407064273307,0.0018261992784287528,0.0625,0.0
ds_0,M05,S1,42,0.8924769498017906,0.8891363413656407,-0.0033406084361499166,0.0625,0.0
ds_0,M05,S1,2026,0.9015188633023028,0.8894481314863479,-0.01207073181595486,0.0625,0.0
ds_0,M05,S3,13,0.8893145071489019,0.8978219232996303,0.008507416150728364,0.0625,0.0
ds_0,M05,S3,42,0.8924769498017906,0.881252505456327,-0.011224444345463547,0.0625,0.0
ds_0,M05,S3,2026,0.9015188633023028,0.8916752037771146,-0.009843659525188175,0.0625,0.0
ds_0,M05,S5,13,0.8893145071489019,0.8904280432942853,0.0011135361453833426,0.1111111111111111,0.0
ds_0,M05,S5,42,0.8924769498017906,0.8872656006413968,-0.005211349160393786,0.1111111111111111,0.0
ds_0,M05,S5,2026,0.9015188633023028,0.8823660416017104,-0.019152821700592404,0.1111111111111111,0.0
ds_0,M06,S1,13,0.9211439245685821,0.9991549546344067,0.07801103006582466,1.0,1.0
ds_0,M06,S1,42,0.9170076498843622,0.9965308663938801,0.07952321650951788,1.0,1.0
ds_0,M06,S1,2026,0.9209215442092155,0.9990215264187867,0.07809998220957126,1.0,1.0
ds_0,M06,S3,13,0.9211439245685821,0.9999555239281266,0.07881159935954452,1.0,1.0
ds_0,M06,S3,42,0.9170076498843622,0.9999999999999999,0.08299235011563766,1.0,1.0
ds_0,M06,S3,2026,0.9209215442092155,0.9999555239281267,0.07903397971891124,1.0,1.0
ds_0,M06,S5,13,0.9211439245685821,0.9999555239281266,0.07881159935954452,1.0,1.0
ds_0,M06,S5,42,0.9170076498843622,0.9999999999999999,0.08299235011563766,1.0,1.0
ds_0,M06,S5,2026,0.9209215442092155,0.9999555239281267,0.07903397971891124,1.0,1.0
ds_0,M07,S1,13,0.8948164627363737,0.97174638487208,0.07692992213570626,0.5588235294117647,0.5
ds_0,M07,S1,42,0.8886318131256952,0.9734816462736373,0.08484983314794214,0.5588235294117647,0.5
ds_0,M07,S1,2026,0.8945050055617353,0.9745939933259178,0.0800889877641825,0.5588235294117647,0.5
ds_0,M07,S3,13,0.8948164627363737,0.97174638487208,0.07692992213570626,0.5588235294117647,0.5
ds_0,M07,S3,42,0.8886318131256952,0.9734816462736373,0.08484983314794214,0.5588235294117647,0.5
ds_0,M07,S3,2026,0.8945050055617353,0.9745939933259178,0.0800889877641825,0.5588235294117647,0.5
ds_0,M07,S5,13,0.8948164627363737,0.97174638487208,0.07692992213570626,0.5588235294117647,0.5
ds_0,M07,S5,42,0.8886318131256952,0.9734816462736373,0.08484983314794214,0.5588235294117647,0.5
ds_0,M07,S5,2026,0.8945050055617353,0.9745939933259178,0.0800889877641825,0.5588235294117647,0.5
ds_0,M08,S1,13,0.9079415954415955,0.9127492877492878,0.004807692307692291,0.3333333333333333,1.0
ds_0,M08,S1,42,0.9044693732193732,0.9052706552706553,0.0008012820512821595,0.3333333333333333,1.0
ds_0,M08,S1,2026,0.91190349002849,0.9019764957264957,-0.009926994301994285,0.3333333333333333,1.0
ds_0,M08,S3,13,0.9079415954415955,0.9142628205128206,0.006321225071225123,0.09090909090909091,0.0
ds_0,M08,S3,42,0.9044693732193732,0.9046919515669516,0.0002225783475784393,0.09090909090909091,0.0
ds_0,M08,S3,2026,0.91190349002849,0.9011306980056979,-0.010772792022792133,0.09090909090909091,0.0
ds_0,M08,S5,13,0.9079415954415955,0.9116809116809116,0.003739316239316115,0.0625,0.0
ds_0,M08,S5,42,0.9044693732193732,0.9093215811965812,0.0048522079772080895,0.0625,0.0
ds_0,M08,S5,2026,0.91190349002849,0.9015758547008548,-0.010327635327635254,0.0625,0.0
ds_0,M09,S1,13,0.9069974611375886,0.9089127433076478,0.001915282170059207,0.0625,0.0
ds_0,M09,S1,42,0.9079773729455257,0.9114516057191215,0.00347423277359582,0.0625,0.0
ds_0,M09,S1,2026,0.9184000712663134,0.9077992071622646,-0.010600864104048813,0.0625,0.0
ds_0,M09,S3,13,0.9069974611375886,0.9096699478865085,0.0026724867489198445,0.14285714285714285,0.0
ds_0,M09,S3,42,0.9079773729455257,0.9093581577658011,0.0013807848202753714,0.14285714285714285,0.0
ds_0,M09,S3,2026,0.9184000712663134,0.9079328314997106,-0.010467239766602798,0.14285714285714285,0.0
ds_0,M09,S5,13,0.9069974611375886,0.9096699478865085,0.0026724867489198445,0.14285714285714285,0.0
ds_0,M09,S5,42,0.9079773729455257,0.9093581577658011,0.0013807848202753714,0.14285714285714285,0.0
ds_0,M09,S5,2026,0.9184000712663134,0.9079328314997106,-0.010467239766602798,0.14285714285714285,0.0
ds_0,M10,S1,13,0.9211439245685821,1.0,0.07885607543141793,1.0,1.0
ds_0,M10,S1,42,0.9170076498843622,1.0,0.08299235011563777,1.0,1.0
ds_0,M10,S1,2026,0.9209215442092155,1.0,0.07907845579078454,1.0,1.0
ds_0,M10,S3,13,0.9211439245685821,1.0,0.07885607543141793,1.0,1.0
ds_0,M10,S3,42,0.9170076498843622,1.0,0.08299235011563777,1.0,1.0
ds_0,M10,S3,2026,0.9209215442092155,1.0,0.07907845579078454,1.0,1.0
ds_0,M10,S5,13,0.9211439245685821,1.0,0.07885607543141793,1.0,1.0
ds_0,M10,S5,42,0.9170076498843622,1.0,0.08299235011563777,1.0,1.0
ds_0,M10,S5,2026,0.9209215442092155,1.0,0.07907845579078454,1.0,1.0
ds_0,M11,S1,13,0.9254727474972191,0.941979977753059,0.01650723025583989,0.41666666666666663,0.5
ds_0,M11,S1,42,0.9247608453837597,0.9454505005561735,0.020689655172413834,0.41666666666666663,0.5
ds_0,M11,S1,2026,0.9206229143492769,0.9455839822024472,0.024961067853170316,0.41666666666666663,0.5
ds_0,M11,S3,13,0.9254727474972191,1.0,0.07452725250278092,1.0,1.0
ds_0,M11,S3,42,0.9247608453837597,0.9999110122358176,0.07515016685205789,1.0,1.0
ds_0,M11,S3,2026,0.9206229143492769,0.9999110122358176,0.07928809788654068,1.0,1.0
ds_0,M11,S5,13,0.9254727474972191,1.0,0.07452725250278092,1.0,1.0
ds_0,M11,S5,42,0.9247608453837597,0.9999555061179087,0.07519466073414904,1.0,1.0
ds_0,M11,S5,2026,0.9206229143492769,1.0,0.0793770856507231,1.0,1.0
ds_1,M01,S1,13,0.9051970048136923,1.0,0.09480299518630775,1.0,1.0
ds_1,M01,S1,42,0.8936084863612052,0.9999999999999999,0.10639151363879473,1.0,1.0
ds_1,M01,S1,2026,0.9043501515421644,1.0,0.09564984845783564,1.0,1.0
ds_1,M01,S3,13,0.9051970048136923,1.0,0.09480299518630775,1.0,1.0
ds_1,M01,S3,42,0.8936084863612052,0.9999999999999999,0.10639151363879473,1.0,1.0
ds_1,M01,S3,2026,0.9043501515421644,1.0,0.09564984845783564,1.0,1.0
ds_1,M01,S5,13,0.9051970048136923,1.0,0.09480299518630775,1.0,1.0
ds_1,M01,S5,42,0.8936084863612052,0.9999999999999999,0.10639151363879473,1.0,1.0
ds_1,M01,S5,2026,0.9043501515421644,1.0,0.09564984845783564,1.0,1.0
ds_1,M02,S1,13,0.8715016685205784,1.0,0.12849833147942158,1.0,1.0
ds_1,M02,S1,42,0.8707452725250279,1.0,0.12925472747497213,1.0,1.0
ds_1,M02,S1,2026,0.8644271412680757,0.9999999999999999,0.13557285873192415,1.0,1.0
ds_1,M02,S3,13,0.8715016685205784,1.0,0.12849833147942158,1.0,1.0
ds_1,M02,S3,42,0.8707452725250279,1.0,0.12925472747497213,1.0,1.0
ds_1,M02,S3,2026,0.8644271412680757,0.9999999999999999,0.13557285873192415,1.0,1.0
ds_1,M02,S5,13,0.8715016685205784,1.0,0.12849833147942158,1.0,1.0
ds_1,M02,S5,42,0.8707452725250279,1.0,0.12925472747497213,1.0,1.0
ds_1,M02,S5,2026,0.8644271412680757,0.9999999999999999,0.13557285873192415,1.0,1.0
ds_1,M03,S1,13,0.8715016685205784,0.9989321468298109,0.1274304783092325,1.0,1.0
ds_1,M03,S1,42,0.8707452725250279,0.9990211345939933,0.12827586206896546,1.0,1.0
ds_1,M03,S1,2026,0.8644271412680757,0.9990211345939933,0.1345939933259176,1.0,1.0
ds_1,M03,S3,13,0.8715016685205784,1.0,0.12849833147942158,1.0,1.0
ds_1,M03,S3,42,0.8707452725250279,1.0,0.12925472747497213,1.0,1.0
ds_1,M03,S3,2026,0.8644271412680757,0.9999999999999999,0.13557285873192415,1.0,1.0
ds_1,M03,S5,13,0.8715016685205784,1.0,0.12849833147942158,1.0,1.0
ds_1,M03,S5,42,0.8707452725250279,1.0,0.12925472747497213,1.0,1.0
ds_1,M03,S5,2026,0.8644271412680757,0.9999999999999999,0.13557285873192415,1.0,1.0
ds_1,M04,S1,13,0.8715016685205784,0.8678086763070078,-0.003692992213570667,0.1,0.0
ds_1,M04,S1,42,0.8707452725250279,0.8724360400444939,0.0016907675194660632,0.1,0.0
ds_1,M04,S1,2026,0.8644271412680757,0.8743937708565073,0.00996662958843153,0.1,0.0
ds_1,M04,S3,13,0.8715016685205784,0.8685650723025584,-0.0029365962180200045,0.1,0.0
ds_1,M04,S3,42,0.8707452725250279,0.871012235817575,0.0002669632925471621,0.1,0.0
ds_1,M04,S3,2026,0.8644271412680757,0.8779532814238042,0.013526140155728505,0.1,0.0
ds_1,M04,S5,13,0.8715016685205784,0.8698109010011124,-0.0016907675194660632,0.3333333333333333,1.0
ds_1,M04,S5,42,0.8707452725250279,0.8702113459399332,-0.0005339265850946573,0.3333333333333333,1.0
ds_1,M04,S5,2026,0.8644271412680757,0.8731479421579532,0.008720800889877478,0.3333333333333333,1.0
ds_1,M05,S1,13,0.8715016685205784,0.8702113459399332,-0.001290322580645209,0.0625,0.0
ds_1,M05,S1,42,0.8707452725250279,0.8767519466073416,0.006006674082313701,0.0625,0.0
ds_1,M05,S1,2026,0.8644271412680757,0.87559510567297,0.011167964404894315,0.0625,0.0
ds_1,M05,S3,13,0.8715016685205784,0.8670967741935485,-0.004404894327029951,0.0625,0.0
ds_1,M05,S3,42,0.8707452725250279,0.8743492769744161,0.003604004449388243,0.0625,0.0
ds_1,M05,S3,2026,0.8644271412680757,0.8740823136818686,0.009655172413792878,0.0625,0.0
ds_1,M05,S5,13,0.8715016685205784,0.8714571746384873,-4.449388209115668e-05,0.0625,0.0
ds_1,M05,S5,42,0.8707452725250279,0.8742602892102336,0.0035150166852057074,0.0625,0.0
ds_1,M05,S5,2026,0.8644271412680757,0.8737263626251389,0.009299221357063181,0.0625,0.0
ds_1,M06,S1,13,0.9024042107141265,0.999330924662117,0.09692671394799057,1.0,1.0
ds_1,M06,S1,42,0.898122128551675,0.9993309246621169,0.10120879611044198,1.0,1.0
ds_1,M06,S1,2026,0.9010660600383603,0.999420134707168,0.09835407466880763,1.0,1.0
ds_1,M06,S3,13,0.9024042107141265,1.0,0.09759578928587354,1.0,1.0
ds_1,M06,S3,42,0.898122128551675,0.9966100182880592,0.09848788973638423,1.0,1.0
ds_1,M06,S3,2026,0.9010660600383603,1.0,0.09893393996163968,1.0,1.0
ds_1,M06,S5,13,0.9024042107141265,1.0,0.09759578928587354,1.0,1.0
ds_1,M06,S5,42,0.898122128551675,0.9966100182880592,0.09848788973638423,1.0,1.0
ds_1,M06,S5,2026,0.9010660600383603,1.0,0.09893393996163968,1.0,1.0
ds_1,M07,S1,13,0.8814398501271243,0.9677951737365627,0.08635532360943832,0.5588235294117647,0.5
ds_1,M07,S1,42,0.8865694277175609,0.9709175253133503,0.08434809759578943,0.5588235294117647,0.5
ds_1,M07,S1,2026,0.8887104687987868,0.9678397787590882,0.07912930996030143,0.5588235294117647,0.5
ds_1,M07,S3,13,0.8814398501271243,0.9677951737365627,0.08635532360943832,0.5588235294117647,0.5
ds_1,M07,S3,42,0.8865694277175609,0.9709175253133503,0.08434809759578943,0.5588235294117647,0.5
ds_1,M07,S3,2026,0.8887104687987868,0.9678397787590882,0.07912930996030143,0.5588235294117647,0.5
ds_1,M07,S5,13,0.8814398501271243,0.9677951737365627,0.08635532360943832,0.5588235294117647,0.5
ds_1,M07,S5,42,0.8865694277175609,0.9709175253133503,0.08434809759578943,0.5588235294117647,0.5
ds_1,M07,S5,2026,0.8887104687987868,0.9678397787590882,0.07912930996030143,0.5588235294117647,0.5
ds_1,M08,S1,13,0.8620199146514936,0.8673097439544808,0.005289829302987159,0.0625,0.0
ds_1,M08,S1,42,0.8604196301564724,0.8646426031294453,0.004222972972972916,0.0625,0.0
ds_1,M08,S1,2026,0.8606418918918919,0.8705992176386914,0.009957325746799528,0.0625,0.0
ds_1,M08,S3,13,0.8620199146514936,0.8715771692745378,0.009557254623044131,0.1111111111111111,0.0
ds_1,M08,S3,42,0.8604196301564724,0.8636201991465149,0.003200568990042507,0.1111111111111111,0.0
ds_1,M08,S3,2026,0.8606418918918919,0.8644203413940256,0.003778449502133685,0.1111111111111111,0.0
ds_1,M08,S5,13,0.8620199146514936,0.8668652204836416,0.004845305832147928,0.0625,0.0
ds_1,M08,S5,42,0.8604196301564724,0.8586415362731152,-0.0017780938833571458,0.0625,0.0
ds_1,M08,S5,2026,0.8606418918918919,0.8648648648648649,0.004222972972973027,0.0625,0.0
ds_1,M09,S1,13,0.8665183537263627,0.8627808676307008,-0.003737486095661824,0.0625,0.0
ds_1,M09,S1,42,0.8723915461624027,0.8714571746384872,-0.0009343715239155115,0.0625,0.0
ds_1,M09,S1,2026,0.8649610678531702,0.8676751946607342,0.002714126807563999,0.0625,0.0
ds_1,M09,S3,13,0.8665183537263627,0.8625139043381536,-0.004004449388209097,0.0625,0.0
ds_1,M09,S3,42,0.8723915461624027,0.8695884315906562,-0.0028031145717464234,0.0625,0.0
ds_1,M09,S3,2026,0.8649610678531702,0.8622469410456064,-0.002714126807563777,0.0625,0.0
ds_1,M09,S5,13,0.8665183537263627,0.8625139043381536,-0.004004449388209097,0.0625,0.0
ds_1,M09,S5,42,0.8723915461624027,0.8695884315906562,-0.0028031145717464234,0.0625,0.0
ds_1,M09,S5,2026,0.8649610678531702,0.8622469410456064,-0.002714126807563777,0.0625,0.0
ds_1,M10,S1,13,0.9024042107141265,1.0,0.09759578928587354,1.0,1.0
ds_1,M10,S1,42,0.898122128551675,0.9966100182880592,0.09848788973638423,1.0,1.0
ds_1,M10,S1,2026,0.9010660600383603,1.0,0.09893393996163968,1.0,1.0
ds_1,M10,S3,13,0.9024042107141265,1.0,0.09759578928587354,1.0,1.0
ds_1,M10,S3,42,0.898122128551675,0.9966100182880592,0.09848788973638423,1.0,1.0
ds_1,M10,S3,2026,0.9010660600383603,1.0,0.09893393996163968,1.0,1.0
ds_1,M10,S5,13,0.9024042107141265,1.0,0.09759578928587354,1.0,1.0
ds_1,M10,S5,42,0.898122128551675,0.9966100182880592,0.09848788973638423,1.0,1.0
ds_1,M10,S5,2026,0.9010660600383603,1.0,0.09893393996163968,1.0,1.0
ds_1,M11,S1,13,0.8910745349926402,0.9475444935099693,0.056469958517329055,0.375,0.5
ds_1,M11,S1,42,0.8894687541817209,0.9495071145010927,0.06003836031937182,0.375,0.5
ds_1,M11,S1,2026,0.8881306035059549,0.9443329318881306,0.05620232838217576,0.375,0.5
ds_1,M11,S3,13,0.8910745349926402,0.995584102769972,0.10450956777733178,1.0,1.0
ds_1,M11,S3,42,0.8894687541817209,0.99500423747714,0.10553548329541906,1.0,1.0
ds_1,M11,S3,2026,0.8881306035059549,0.9995985547972702,0.11146795129131537,1.0,1.0
ds_1,M11,S5,13,0.8910745349926402,1.0,0.10892546500735978,1.0,1.0
ds_1,M11,S5,42,0.8894687541817209,0.9998661849324234,0.11039743075070252,1.0,1.0
ds_1,M11,S5,2026,0.8881306035059549,1.0,0.11186939649404515,1.0,1.0
ds_2,M01,S1,13,0.8769114509246088,0.9999333214793742,0.12302187055476543,1.0,1.0
ds_2,M01,S1,42,0.8799786628733998,1.0,0.12002133712660024,1.0,1.0
ds_2,M01,S1,2026,0.8756223328591749,1.0,0.1243776671408251,1.0,1.0
ds_2,M01,S3,13,0.8769114509246088,0.9999333214793742,0.12302187055476543,1.0,1.0
ds_2,M01,S3,42,0.8799786628733998,1.0,0.12002133712660024,1.0,1.0
ds_2,M01,S3,2026,0.8756223328591749,1.0,0.1243776671408251,1.0,1.0
ds_2,M01,S5,13,0.8769114509246088,0.9999333214793742,0.12302187055476543,1.0,1.0
ds_2,M01,S5,42,0.8799786628733998,1.0,0.12002133712660024,1.0,1.0
ds_2,M01,S5,2026,0.8756223328591749,1.0,0.1243776671408251,1.0,1.0
ds_2,M02,S1,13,0.887668918918919,1.0,0.11233108108108103,1.0,1.0
ds_2,M02,S1,42,0.8877578236130866,1.0,0.11224217638691336,1.0,1.0
ds_2,M02,S1,2026,0.8825568990042674,1.0,0.11744310099573263,1.0,1.0
ds_2,M02,S3,13,0.887668918918919,1.0,0.11233108108108103,1.0,1.0
ds_2,M02,S3,42,0.8877578236130866,1.0,0.11224217638691336,1.0,1.0
ds_2,M02,S3,2026,0.8825568990042674,1.0,0.11744310099573263,1.0,1.0
ds_2,M02,S5,13,0.887668918918919,1.0,0.11233108108108103,1.0,1.0
ds_2,M02,S5,42,0.8877578236130866,1.0,0.11224217638691336,1.0,1.0
ds_2,M02,S5,2026,0.8825568990042674,1.0,0.11744310099573263,1.0,1.0
ds_2,M03,S1,13,0.887668918918919,0.9977329302987197,0.11006401137980071,1.0,1.0
ds_2,M03,S1,42,0.8877578236130866,0.9983997155049786,0.110641891891892,1.0,1.0
ds_2,M03,S1,2026,0.8825568990042674,0.9981774537695589,0.11562055476529154,1.0,1.0
ds_2,M03,S3,13,0.887668918918919,1.0,0.11233108108108103,1.0,1.0
ds_2,M03,S3,42,0.8877578236130866,1.0,0.11224217638691336,1.0,1.0
ds_2,M03,S3,2026,0.8825568990042674,1.0,0.11744310099573263,1.0,1.0
ds_2,M03,S5,13,0.887668918918919,1.0,0.11233108108108103,1.0,1.0
ds_2,M03,S5,42,0.8877578236130866,1.0,0.11224217638691336,1.0,1.0
ds_2,M03,S5,2026,0.8825568990042674,1.0,0.11744310099573263,1.0,1.0
ds_2,M04,S1,13,0.887668918918919,0.8907805832147937,0.0031116642958747276,0.0625,0.0
ds_2,M04,S1,42,0.8877578236130866,0.8946923897581792,0.00693456614509258,0.0625,0.0
ds_2,M04,S1,2026,0.8825568990042674,0.8866465149359886,0.004089615931721191,0.0625,0.0
ds_2,M04,S3,13,0.887668918918919,0.8874911095305833,-0.00017780938833567017,0.0625,0.0
ds_2,M04,S3,42,0.8877578236130866,0.8950924608819346,0.007334637268847977,0.0625,0.0
ds_2,M04,S3,2026,0.8825568990042674,0.8898026315789473,0.007245732574679975,0.0625,0.0
ds_2,M04,S5,13,0.887668918918919,0.8876244665718349,-4.445234708405632e-05,0.0625,0.0
ds_2,M04,S5,42,0.8877578236130866,0.8939366998577525,0.006178876244665843,0.0625,0.0
ds_2,M04,S5,2026,0.8825568990042674,0.8879800853485064,0.005423186344238995,0.0625,0.0
ds_2,M05,S1,13,0.887668918918919,0.8868687766714083,-0.0008001422475106823,0.0625,0.0
ds_2,M05,S1,42,0.8877578236130866,0.8939366998577525,0.006178876244665843,0.0625,0.0
ds_2,M05,S1,2026,0.8825568990042674,0.8898470839260313,0.00729018492176392,0.0625,0.0
ds_2,M05,S3,13,0.887668918918919,0.888202347083926,0.0005334281650070105,0.25,1.0
ds_2,M05,S3,42,0.8877578236130866,0.8969594594594594,0.009201635846372791,0.25,1.0
ds_2,M05,S3,2026,0.8825568990042674,0.8884690611664295,0.005912162162162171,0.25,1.0
ds_2,M05,S5,13,0.887668918918919,0.8870910384068279,-0.0005778805120910668,0.1,0.0
ds_2,M05,S5,42,0.8877578236130866,0.8951369132290186,0.007379089615931922,0.1,0.0
ds_2,M05,S5,2026,0.8825568990042674,0.888202347083926,0.00564544807965861,0.1,0.0
ds_2,M06,S1,13,0.9153895274584929,0.9989965334792921,0.08360700602079918,1.0,1.0
ds_2,M06,S1,42,0.9183999270206167,0.9990421455938697,0.08064221857325304,1.0,1.0
ds_2,M06,S1,2026,0.9161649334063128,0.9984035759897829,0.08223864258347013,1.0,1.0
ds_2,M06,S3,13,0.9153895274584929,0.9996351030833789,0.084245575624886,1.0,1.0
ds_2,M06,S3,42,0.9183999270206167,1.0,0.08160007297938332,1.0,1.0
ds_2,M06,S3,2026,0.9161649334063128,1.0,0.08383506659368722,1.0,1.0
ds_2,M06,S5,13,0.9153895274584929,0.9996351030833789,0.084245575624886,1.0,1.0
ds_2,M06,S5,42,0.9183999270206167,1.0,0.08160007297938332,1.0,1.0
ds_2,M06,S5,2026,0.9161649334063128,1.0,0.08383506659368722,1.0,1.0
ds_2,M07,S1,13,0.9140722291407224,0.973091976516634,0.059019747375911646,0.6666666666666666,0.5
ds_2,M07,S1,42,0.9158512720156555,0.9715797900729407,0.05572851805728518,0.6666666666666666,0.5
ds_2,M07,S1,2026,0.9182085038249421,0.9728695961572674,0.0546610923323253,0.6666666666666666,0.5
ds_2,M07,S3,13,0.9140722291407224,0.973091976516634,0.059019747375911646,0.6666666666666666,0.5
ds_2,M07,S3,42,0.9158512720156555,0.9715797900729407,0.05572851805728518,0.6666666666666666,0.5
ds_2,M07,S3,2026,0.9182085038249421,0.9728695961572674,0.0546610923323253,0.6666666666666666,0.5
ds_2,M07,S5,13,0.9140722291407224,0.973091976516634,0.059019747375911646,0.6666666666666666,0.5
ds_2,M07,S5,42,0.9158512720156555,0.9715797900729407,0.05572851805728518,0.6666666666666666,0.5
ds_2,M07,S5,2026,0.9182085038249421,0.9728695961572674,0.0546610923323253,0.6666666666666666,0.5
ds_2,M08,S1,13,0.8868908469699694,0.8812713540730085,-0.005619492896960954,0.0625,0.0
ds_2,M08,S1,42,0.8925552958101061,0.8926452076964575,8.991188635143477e-05,0.0625,0.0
ds_2,M08,S1,2026,0.8870706707426722,0.8871605826290235,8.991188635132374e-05,0.0625,0.0
ds_2,M08,S3,13,0.8868908469699694,0.8934993706167955,0.00660852364682607,0.0625,0.0
ds_2,M08,S3,42,0.8925552958101061,0.8917910447761194,-0.0007642510339866959,0.0625,0.0
ds_2,M08,S3,2026,0.8870706707426722,0.8864862434813882,-0.0005844272612840484,0.0625,0.0
ds_2,M08,S5,13,0.8868908469699694,0.8928250314691601,0.005934184499190698,0.0625,0.0
ds_2,M08,S5,42,0.8925552958101061,0.8892735119582809,-0.003281783851825204,0.0625,0.0
ds_2,M08,S5,2026,0.8870706707426722,0.8856320805610501,-0.001438590181622068,0.0625,0.0
ds_2,M09,S1,13,0.8868880885687609,0.8944911297852474,0.0076030412164864725,0.0625,0.0
ds_2,M09,S1,42,0.8941798941798942,0.8862211551287182,-0.007958739051175945,0.0625,0.0
ds_2,M09,S1,2026,0.884931750477969,0.8913787737317149,0.006447023253745909,0.0625,0.0
ds_2,M09,S3,13,0.8868880885687609,0.8900893690809657,0.003201280512204807,0.0625,0.0
ds_2,M09,S3,42,0.8941798941798942,0.8881330309901739,-0.006046863189720253,0.0625,0.0
ds_2,M09,S3,2026,0.884931750477969,0.8940465074918856,0.009114757013916619,0.0625,0.0
ds_2,M09,S5,13,0.8868880885687609,0.8900893690809657,0.003201280512204807,0.0625,0.0
ds_2,M09,S5,42,0.8941798941798942,0.8881330309901739,-0.006046863189720253,0.0625,0.0
ds_2,M09,S5,2026,0.884931750477969,0.8940465074918856,0.009114757013916619,0.0625,0.0
ds_2,M10,S1,13,0.9153895274584929,1.0,0.08461047254150711,1.0,1.0
ds_2,M10,S1,42,0.9183999270206167,1.0,0.08160007297938332,1.0,1.0
ds_2,M10,S1,2026,0.9161649334063128,1.0,0.08383506659368722,1.0,1.0
ds_2,M10,S3,13,0.9153895274584929,1.0,0.08461047254150711,1.0,1.0
ds_2,M10,S3,42,0.9183999270206167,1.0,0.08160007297938332,1.0,1.0
ds_2,M10,S3,2026,0.9161649334063128,1.0,0.08383506659368722,1.0,1.0
ds_2,M10,S5,13,0.9153895274584929,1.0,0.08461047254150711,1.0,1.0
ds_2,M10,S5,42,0.9183999270206167,1.0,0.08160007297938332,1.0,1.0
ds_2,M10,S5,2026,0.9161649334063128,1.0,0.08383506659368722,1.0,1.0
ds_2,M11,S1,13,0.9106940477809511,0.9338591957931003,0.023165148012149195,0.41666666666666663,0.5
ds_2,M11,S1,42,0.9088580624688336,0.9373951675053267,0.028537105036493093,0.41666666666666663,0.5
ds_2,M11,S1,2026,0.9172219955573688,0.939253819302779,0.02203182374541013,0.41666666666666663,0.5
ds_2,M11,S3,13,0.9106940477809511,1.0,0.08930595221904891,1.0,1.0
ds_2,M11,S3,42,0.9088580624688336,1.0,0.0911419375311664,1.0,1.0
ds_2,M11,S3,2026,0.9172219955573688,1.0,0.08277800444263117,1.0,1.0
ds_2,M11,S5,13,0.9106940477809511,1.0,0.08930595221904891,1.0,1.0
ds_2,M11,S5,42,0.9088580624688336,0.9998186681173217,0.09096060564848807,1.0,1.0
ds_2,M11,S5,2026,0.9172219955573688,0.9924973933541865,0.07527539779681769,1.0,1.0
ds_3,M01,S1,13,0.8619447779111645,0.9999999999999999,0.13805522208883536,1.0,1.0
ds_3,M01,S1,42,0.8696812058156596,0.9999555377706638,0.13027433195500426,1.0,1.0
ds_3,M01,S1,2026,0.8745275888133031,1.0,0.12547241118669694,1.0,1.0
ds_3,M01,S3,13,0.8619447779111645,0.9999999999999999,0.13805522208883536,1.0,1.0
ds_3,M01,S3,42,0.8696812058156596,0.9999555377706638,0.13027433195500426,1.0,1.0
ds_3,M01,S3,2026,0.8745275888133031,1.0,0.12547241118669694,1.0,1.0
ds_3,M01,S5,13,0.8619447779111645,0.9999999999999999,0.13805522208883536,1.0,1.0
ds_3,M01,S5,42,0.8696812058156596,0.9999555377706638,0.13027433195500426,1.0,1.0
ds_3,M01,S5,2026,0.8745275888133031,1.0,0.12547241118669694,1.0,1.0
ds_3,M02,S1,13,0.9113777777777777,1.0,0.08862222222222227,1.0,1.0
ds_3,M02,S1,42,0.9118666666666666,1.0,0.0881333333333334,1.0,1.0
ds_3,M02,S1,2026,0.9187555555555555,0.9999999999999999,0.08124444444444434,1.0,1.0
ds_3,M02,S3,13,0.9113777777777777,1.0,0.08862222222222227,1.0,1.0
ds_3,M02,S3,42,0.9118666666666666,1.0,0.0881333333333334,1.0,1.0
ds_3,M02,S3,2026,0.9187555555555555,0.9999999999999999,0.08124444444444434,1.0,1.0
ds_3,M02,S5,13,0.9113777777777777,1.0,0.08862222222222227,1.0,1.0
ds_3,M02,S5,42,0.9118666666666666,1.0,0.0881333333333334,1.0,1.0
ds_3,M02,S5,2026,0.9187555555555555,0.9999999999999999,0.08124444444444434,1.0,1.0
ds_3,M03,S1,13,0.9113777777777777,0.9729777777777777,0.06159999999999999,1.0,1.0
ds_3,M03,S1,42,0.9118666666666666,0.9698222222222221,0.05795555555555554,1.0,1.0
ds_3,M03,S1,2026,0.9187555555555555,0.9706666666666666,0.05191111111111102,1.0,1.0
ds_3,M03,S3,13,0.9113777777777777,1.0,0.08862222222222227,1.0,1.0
ds_3,M03,S3,42,0.9118666666666666,1.0,0.0881333333333334,1.0,1.0
ds_3,M03,S3,2026,0.9187555555555555,0.9999999999999999,0.08124444444444434,1.0,1.0
ds_3,M03,S5,13,0.9113777777777777,1.0,0.08862222222222227,1.0,1.0
ds_3,M03,S5,42,0.9118666666666666,1.0,0.0881333333333334,1.0,1.0
ds_3,M03,S5,2026,0.9187555555555555,0.9999999999999999,0.08124444444444434,1.0,1.0
ds_3,M04,S1,13,0.9113777777777777,0.9168888888888889,0.005511111111111133,0.0625,0.0
ds_3,M04,S1,42,0.9118666666666666,0.9013777777777778,-0.01048888888888877,0.0625,0.0
ds_3,M04,S1,2026,0.9187555555555555,0.9186666666666666,-8.88888888889161e-05,0.0625,0.0
ds_3,M04,S3,13,0.9113777777777777,0.9206222222222223,0.00924444444444461,0.14285714285714285,0.0
ds_3,M04,S3,42,0.9118666666666666,0.9201777777777779,0.008311111111111269,0.14285714285714285,0.0
ds_3,M04,S3,2026,0.9187555555555555,0.9180888888888888,-0.0006666666666667043,0.14285714285714285,0.0
ds_3,M04,S5,13,0.9113777777777777,0.9159555555555556,0.004577777777777903,0.0625,0.0
ds_3,M04,S5,42,0.9118666666666666,0.8977333333333334,-0.01413333333333322,0.0625,0.0
ds_3,M04,S5,2026,0.9187555555555555,0.9148888888888889,-0.003866666666666685,0.0625,0.0
ds_3,M05,S1,13,0.9113777777777777,0.9198666666666666,0.00848888888888888,0.2,1.0
ds_3,M05,S1,42,0.9118666666666666,0.9182222222222223,0.00635555555555567,0.2,1.0
ds_3,M05,S1,2026,0.9187555555555555,0.9129333333333334,-0.005822222222222173,0.2,1.0
ds_3,M05,S3,13,0.9113777777777777,0.9175111111111113,0.006133333333333546,0.0625,0.0
ds_3,M05,S3,42,0.9118666666666666,0.9157777777777778,0.0039111111111111985,0.0625,0.0
ds_3,M05,S3,2026,0.9187555555555555,0.9165333333333334,-0.0022222222222221255,0.0625,0.0
ds_3,M05,S5,13,0.9113777777777777,0.9180888888888888,0.006711111111111112,0.1,0.0
ds_3,M05,S5,42,0.9118666666666666,0.8963555555555556,-0.015511111111111031,0.1,0.0
ds_3,M05,S5,2026,0.9187555555555555,0.9138222222222223,-0.004933333333333234,0.1,0.0
ds_3,M06,S1,13,0.9228917810661437,0.999643430201462,0.07675164913531829,1.0,1.0
ds_3,M06,S1,42,0.9229363522909609,0.9996880014262792,0.07675164913531829,1.0,1.0
ds_3,M06,S1,2026,0.9212872169727224,0.999465145302193,0.07817792832947057,1.0,1.0
ds_3,M06,S3,13,0.9228917810661437,0.988344624710287,0.06545284364414328,1.0,1.0
ds_3,M06,S3,42,0.9229363522909609,1.0,0.07706364770903906,1.0,1.0
ds_3,M06,S3,2026,0.9212872169727224,0.9999999999999999,0.07871278302727747,1.0,1.0
ds_3,M06,S5,13,0.9228917810661437,0.988344624710287,0.06545284364414328,1.0,1.0
ds_3,M06,S5,42,0.9229363522909609,1.0,0.07706364770903906,1.0,1.0
ds_3,M06,S5,2026,0.9212872169727224,0.9999999999999999,0.07871278302727747,1.0,1.0
ds_3,M07,S1,13,0.8932510918013596,0.9701049029760028,0.07685381117464318,0.5588235294117647,0.5
ds_3,M07,S1,42,0.8869479086938904,0.9689793345639548,0.0820314258700644,0.5588235294117647,0.5
ds_3,M07,S1,2026,0.890099500247625,0.9669983341587501,0.07689883391112518,0.5588235294117647,0.5
ds_3,M07,S3,13,0.8932510918013596,0.9701049029760028,0.07685381117464318,0.5588235294117647,0.5
ds_3,M07,S3,42,0.8869479086938904,0.9689793345639548,0.0820314258700644,0.5588235294117647,0.5
ds_3,M07,S3,2026,0.890099500247625,0.9669983341587501,0.07689883391112518,0.5588235294117647,0.5
ds_3,M07,S5,13,0.8932510918013596,0.9701049029760028,0.07685381117464318,0.5588235294117647,0.5
ds_3,M07,S5,42,0.8869479086938904,0.9689793345639548,0.0820314258700644,0.5588235294117647,0.5
ds_3,M07,S5,2026,0.890099500247625,0.9669983341587501,0.07689883391112518,0.5588235294117647,0.5
ds_3,M08,S1,13,0.8937013191661789,0.8974382062941786,0.0037368871279996885,0.14285714285714285,0.0
ds_3,M08,S1,42,0.8947368421052632,0.896582774301022,0.0018459321957587926,0.14285714285714285,0.0
ds_3,M08,S1,2026,0.8994192066993832,0.8951420467336005,-0.004277159965782706,0.14285714285714285,0.0
ds_3,M08,S3,13,0.8937013191661789,0.8935662509567331,-0.00013506820944575448,0.25,1.0
ds_3,M08,S3,42,0.8947368421052632,0.8943316374769259,-0.00040520462833726345,0.25,1.0
ds_3,M08,S3,2026,0.8994192066993832,0.8962225924091666,-0.0031966142902166705,0.25,1.0
ds_3,M08,S5,13,0.8937013191661789,0.8957723650443474,0.0020710458781685315,0.0625,0.0
ds_3,M08,S5,42,0.8947368421052632,0.8952320922065642,0.0004952501013010258,0.0625,0.0
ds_3,M08,S5,2026,0.8994192066993832,0.8954121831524919,-0.0040070235468913085,0.0625,0.0
ds_3,M09,S1,13,0.8917910447761195,0.8950278726847689,0.003236827908649431,0.0625,0.0
ds_3,M09,S1,42,0.8911167056284841,0.8900827189354432,-0.0010339866930408892,0.0625,0.0
ds_3,M09,S1,2026,0.8900377629922676,0.8824402085955764,-0.007597554396691186,0.0625,0.0
ds_3,M09,S3,13,0.8917910447761195,0.8916112210034167,-0.0001798237727027585,0.25,1.0
ds_3,M09,S3,42,0.8911167056284841,0.8936342384463226,0.002517532817838508,0.25,1.0
ds_3,M09,S3,2026,0.8900377629922676,0.8838338428340227,-0.006203920158244891,0.25,1.0
ds_3,M09,S5,13,0.8917910447761195,0.8916112210034167,-0.0001798237727027585,0.25,1.0
ds_3,M09,S5,42,0.8911167056284841,0.8936342384463226,0.002517532817838508,0.25,1.0
ds_3,M09,S5,2026,0.8900377629922676,0.8838338428340227,-0.006203920158244891,0.25,1.0
ds_3,M10,S1,13,0.9228917810661437,0.988344624710287,0.06545284364414328,1.0,1.0
ds_3,M10,S1,42,0.9229363522909609,1.0,0.07706364770903906,1.0,1.0
ds_3,M10,S1,2026,0.9212872169727224,0.986539490105188,0.06525227313246562,1.0,1.0
ds_3,M10,S3,13,0.9228917810661437,0.988344624710287,0.06545284364414328,1.0,1.0
ds_3,M10,S3,42,0.9229363522909609,1.0,0.07706364770903906,1.0,1.0
ds_3,M10,S3,2026,0.9212872169727224,0.986539490105188,0.06525227313246562,1.0,1.0
ds_3,M10,S5,13,0.9228917810661437,0.988344624710287,0.06545284364414328,1.0,1.0
ds_3,M10,S5,42,0.9229363522909609,1.0,0.07706364770903906,1.0,1.0
ds_3,M10,S5,2026,0.9212872169727224,0.986539490105188,0.06525227313246562,1.0,1.0
ds_3,M11,S1,13,0.9131827077032557,0.9364436932930084,0.023260985589752647,0.3333333333333333,0.5
ds_3,M11,S1,42,0.9094022415940225,0.9286603807151753,0.019258139121152817,0.3333333333333333,0.5
ds_3,M11,S1,2026,0.9137164205657357,0.9351538872086818,0.0214374666429461,0.3333333333333333,0.5
ds_3,M11,S3,13,0.9131827077032557,0.9995552392812667,0.08637253157801095,1.0,1.0
ds_3,M11,S3,42,0.9094022415940225,1.0,0.0905977584059775,1.0,1.0
ds_3,M11,S3,2026,0.9137164205657357,1.0,0.08628357943426435,1.0,1.0
ds_3,M11,S5,13,0.9131827077032557,0.987813556306707,0.07463084860345126,1.0,1.0
ds_3,M11,S5,42,0.9094022415940225,1.0,0.0905977584059775,1.0,1.0
ds_3,M11,S5,2026,0.9137164205657357,1.0,0.08628357943426435,1.0,1.0
ds_4,M01,S1,13,0.9092243373065291,0.9999110478562533,0.09068671054972421,1.0,1.0
ds_4,M01,S1,42,0.9084237680128091,1.0,0.09157623198719089,1.0,1.0
ds_4,M01,S1,2026,0.9070894858566092,1.0,0.0929105141433908,1.0,1.0
ds_4,M01,S3,13,0.9092243373065291,0.9999110478562533,0.09068671054972421,1.0,1.0
ds_4,M01,S3,42,0.9084237680128091,1.0,0.09157623198719089,1.0,1.0
ds_4,M01,S3,2026,0.9070894858566092,1.0,0.0929105141433908,1.0,1.0
ds_4,M01,S5,13,0.9092243373065291,0.9999110478562533,0.09068671054972421,1.0,1.0
ds_4,M01,S5,42,0.9084237680128091,1.0,0.09157623198719089,1.0,1.0
ds_4,M01,S5,2026,0.9070894858566092,1.0,0.0929105141433908,1.0,1.0
ds_4,M02,S1,13,0.8872210591955816,1.0,0.11277894080441841,1.0,1.0
ds_4,M02,S1,42,0.8955948510088637,1.0,0.10440514899113629,1.0,1.0
ds_4,M02,S1,2026,0.8948376464300031,1.0,0.10516235356999692,1.0,1.0
ds_4,M02,S3,13,0.8872210591955816,1.0,0.11277894080441841,1.0,1.0
ds_4,M02,S3,42,0.8955948510088637,1.0,0.10440514899113629,1.0,1.0
ds_4,M02,S3,2026,0.8948376464300031,1.0,0.10516235356999692,1.0,1.0
ds_4,M02,S5,13,0.8872210591955816,1.0,0.11277894080441841,1.0,1.0
ds_4,M02,S5,42,0.8955948510088637,1.0,0.10440514899113629,1.0,1.0
ds_4,M02,S5,2026,0.8948376464300031,1.0,0.10516235356999692,1.0,1.0
ds_4,M03,S1,13,0.8872210591955816,0.9602244888869093,0.07300342969132767,1.0,1.0
ds_4,M03,S1,42,0.8955948510088637,0.9542113937018396,0.05861654269297589,1.0,1.0
ds_4,M03,S1,2026,0.8948376464300031,0.9613380250322926,0.06650037860228952,1.0,1.0
ds_4,M03,S3,13,0.8872210591955816,1.0,0.11277894080441841,1.0,1.0
ds_4,M03,S3,42,0.8955948510088637,1.0,0.10440514899113629,1.0,1.0
ds_4,M03,S3,2026,0.8948376464300031,1.0,0.10516235356999692,1.0,1.0
ds_4,M03,S5,13,0.8872210591955816,1.0,0.11277894080441841,1.0,1.0
ds_4,M03,S5,42,0.8955948510088637,1.0,0.10440514899113629,1.0,1.0
ds_4,M03,S5,2026,0.8948376464300031,1.0,0.10516235356999692,1.0,1.0
ds_4,M04,S1,13,0.8872210591955816,0.8929669057057592,0.005745846510177621,0.3333333333333333,1.0
ds_4,M04,S1,42,0.8955948510088637,0.8987127522159368,0.003117901207073115,0.3333333333333333,1.0
ds_4,M04,S1,2026,0.8948376464300031,0.8971092601665851,0.0022716137365820233,0.3333333333333333,1.0
ds_4,M04,S3,13,0.8872210591955816,0.8943922319718498,0.00717117277626822,0.0625,0.0
ds_4,M04,S3,42,0.8955948510088637,0.8991581666740902,0.0035633156652264963,0.0625,0.0
ds_4,M04,S3,2026,0.8948376464300031,0.8920760767894526,-0.002761569640550521,0.0625,0.0
ds_4,M04,S5,13,0.8872210591955816,0.8931005300432052,0.005879470847623636,0.14285714285714285,0.0
ds_4,M04,S5,42,0.8955948510088637,0.8992917910115361,0.0036969400026723997,0.14285714285714285,0.0
ds_4,M04,S5,2026,0.8948376464300031,0.8936795688388044,-0.0011580775911986807,0.14285714285714285,0.0
ds_4,M05,S1,13,0.8872210591955816,0.8941249832969578,0.006903924101376191,0.14285714285714285,0.0
ds_4,M05,S1,42,0.8955948510088637,0.8978219232996303,0.002227072290766574,0.14285714285714285,0.0
ds_4,M05,S1,2026,0.8948376464300031,0.8931450714890206,-0.0016925749409825164,0.14285714285714285,0.0
ds_4,M05,S3,13,0.8872210591955816,0.8900271702819473,0.002806111086365748,0.2,1.0
ds_4,M05,S3,42,0.8955948510088637,0.8950603536590798,-0.0005344973497839467,0.2,1.0
ds_4,M05,S3,2026,0.8948376464300031,0.8913188722105919,-0.003518774219411158,0.2,1.0
ds_4,M05,S5,13,0.8872210591955816,0.8843258652175849,-0.0028951939779966462,0.3333333333333333,1.0
ds_4,M05,S5,42,0.8955948510088637,0.8961293483586477,0.0005344973497839467,0.3333333333333333,1.0
ds_4,M05,S5,2026,0.8948376464300031,0.8906507505233621,-0.004186895906641008,0.3333333333333333,1.0
ds_4,M06,S1,13,0.9155061179087876,0.9990656284760845,0.08355951056729694,1.0,1.0
ds_4,M06,S1,42,0.9112791991101223,0.9988431590656285,0.08756395995550614,1.0,1.0
ds_4,M06,S1,2026,0.9129699666295885,0.9988431590656285,0.08587319243603997,1.0,1.0
ds_4,M06,S3,13,0.9155061179087876,0.9911457174638487,0.07563959955506117,1.0,1.0
ds_4,M06,S3,42,0.9112791991101223,1.0,0.08872080088987766,1.0,1.0
ds_4,M06,S3,2026,0.9129699666295885,0.9999555061179088,0.08698553948832033,1.0,1.0
ds_4,M06,S5,13,0.9155061179087876,0.9911457174638487,0.07563959955506117,1.0,1.0
ds_4,M06,S5,42,0.9112791991101223,1.0,0.08872080088987766,1.0,1.0
ds_4,M06,S5,2026,0.9129699666295885,0.9999555061179088,0.08698553948832033,1.0,1.0
ds_4,M07,S1,13,0.9083035714285714,0.9844642857142857,0.07616071428571425,0.5588235294117647,0.5
ds_4,M07,S1,42,0.9127678571428571,0.9838392857142857,0.07107142857142856,0.5588235294117647,0.5
ds_4,M07,S1,2026,0.9168303571428571,0.9832589285714286,0.0664285714285715,0.5588235294117647,0.5
ds_4,M07,S3,13,0.9083035714285714,0.9844642857142857,0.07616071428571425,0.5588235294117647,0.5
ds_4,M07,S3,42,0.9127678571428571,0.9838392857142857,0.07107142857142856,0.5588235294117647,0.5
ds_4,M07,S3,2026,0.9168303571428571,0.9832589285714286,0.0664285714285715,0.5588235294117647,0.5
ds_4,M07,S5,13,0.9083035714285714,0.9844642857142857,0.07616071428571425,0.5588235294117647,0.5
ds_4,M07,S5,42,0.9127678571428571,0.9838392857142857,0.07107142857142856,0.5588235294117647,0.5
ds_4,M07,S5,2026,0.9168303571428571,0.9832589285714286,0.0664285714285715,0.5588235294117647,0.5
ds_4,M08,S1,13,0.9113179813816756,0.90450314017193,-0.006814841209745626,0.3333333333333333,1.0
ds_4,M08,S1,42,0.909892655115585,0.9145249654803794,0.00463231036479439,0.3333333333333333,1.0
ds_4,M08,S1,2026,0.9137232194557036,0.9077546657164491,-0.005968553739254423,0.3333333333333333,1.0
ds_4,M08,S3,13,0.9113179813816756,0.9058393835463899,-0.005478597835285703,0.2,1.0
ds_4,M08,S3,42,0.909892655115585,0.9124760589728742,0.002583403857289168,0.2,1.0
ds_4,M08,S3,2026,0.9137232194557036,0.9123424346354283,-0.0013807848202752604,0.2,1.0
ds_4,M08,S5,13,0.9113179813816756,0.9072201683666652,-0.004097813015010443,0.0625,0.0
ds_4,M08,S5,42,0.909892655115585,0.9091799919825397,-0.0007126631330452993,0.0625,0.0
ds_4,M08,S5,2026,0.9137232194557036,0.909759030778139,-0.00396418867756454,0.0625,0.0
ds_4,M09,S1,13,0.9171529107834839,0.918756402832836,0.0016034920493520621,0.0625,0.0
ds_4,M09,S1,42,0.9103826110195538,0.9191572758451739,0.008774664825620171,0.0625,0.0
ds_4,M09,S1,2026,0.9137232194557036,0.9207607678945259,0.007037548438822316,0.0625,0.0
ds_4,M09,S3,13,0.9171529107834839,0.9190681929535433,0.0019152821700593181,0.0625,0.0
ds_4,M09,S3,42,0.9103826110195538,0.9204044363280032,0.010021825308449417,0.0625,0.0
ds_4,M09,S3,2026,0.9137232194557036,0.91862277849539,0.004899559039686419,0.0625,0.0
ds_4,M09,S5,13,0.9171529107834839,0.9190681929535433,0.0019152821700593181,0.0625,0.0
ds_4,M09,S5,42,0.9103826110195538,0.9204044363280032,0.010021825308449417,0.0625,0.0
ds_4,M09,S5,2026,0.9137232194557036,0.91862277849539,0.004899559039686419,0.0625,0.0
ds_4,M10,S1,13,0.9155061179087876,0.9911457174638487,0.07563959955506117,1.0,1.0
ds_4,M10,S1,42,0.9112791991101223,1.0,0.08872080088987766,1.0,1.0
ds_4,M10,S1,2026,0.9129699666295885,0.9963070077864293,0.08333704115684082,1.0,1.0
ds_4,M10,S3,13,0.9155061179087876,0.9911457174638487,0.07563959955506117,1.0,1.0
ds_4,M10,S3,42,0.9112791991101223,1.0,0.08872080088987766,1.0,1.0
ds_4,M10,S3,2026,0.9129699666295885,0.9963070077864293,0.08333704115684082,1.0,1.0
ds_4,M10,S5,13,0.9155061179087876,0.9911457174638487,0.07563959955506117,1.0,1.0
ds_4,M10,S5,42,0.9112791991101223,1.0,0.08872080088987766,1.0,1.0
ds_4,M10,S5,2026,0.9129699666295885,0.9963070077864293,0.08333704115684082,1.0,1.0
ds_4,M11,S1,13,0.9208066239316239,0.9427528490028491,0.021946225071225123,0.5,1.0
ds_4,M11,S1,42,0.9196492165242166,0.9517450142450143,0.032095797720797736,0.5,1.0
ds_4,M11,S1,2026,0.9150641025641026,0.9464476495726496,0.03138354700854695,0.5,1.0
ds_4,M11,S3,13,0.9208066239316239,1.0,0.07919337606837606,1.0,1.0
ds_4,M11,S3,42,0.9196492165242166,1.0,0.0803507834757834,1.0,1.0
ds_4,M11,S3,2026,0.9150641025641026,1.0,0.08493589743589736,1.0,1.0
ds_4,M11,S5,13,0.9208066239316239,0.9999999999999999,0.07919337606837595,1.0,1.0
ds_4,M11,S5,42,0.9196492165242166,1.0,0.0803507834757834,1.0,1.0
ds_4,M11,S5,2026,0.9150641025641026,1.0,0.08493589743589736,1.0,1.0
ds_5,M01,S1,13,0.9018541629523978,1.0,0.09814583704760216,1.0,1.0
ds_5,M01,S1,42,0.901720449277946,1.0,0.09827955072205397,1.0,1.0
ds_5,M01,S1,2026,0.9047512925655197,1.0,0.09524870743448033,1.0,1.0
ds_5,M01,S3,13,0.9018541629523978,1.0,0.09814583704760216,1.0,1.0
ds_5,M01,S3,42,0.901720449277946,1.0,0.09827955072205397,1.0,1.0
ds_5,M01,S3,2026,0.9047512925655197,1.0,0.09524870743448033,1.0,1.0
ds_5,M01,S5,13,0.9018541629523978,1.0,0.09814583704760216,1.0,1.0
ds_5,M01,S5,42,0.901720449277946,1.0,0.09827955072205397,1.0,1.0
ds_5,M01,S5,2026,0.9047512925655197,1.0,0.09524870743448033,1.0,1.0
ds_5,M02,S1,13,0.884646159317212,1.0,0.11535384068278798,1.0,1.0
ds_5,M02,S1,42,0.8879356330014224,1.0,0.11206436699857758,1.0,1.0
ds_5,M02,S1,2026,0.8855796586059744,1.0,0.11442034139402557,1.0,1.0
ds_5,M02,S3,13,0.884646159317212,1.0,0.11535384068278798,1.0,1.0
ds_5,M02,S3,42,0.8879356330014224,1.0,0.11206436699857758,1.0,1.0
ds_5,M02,S3,2026,0.8855796586059744,1.0,0.11442034139402557,1.0,1.0
ds_5,M02,S5,13,0.884646159317212,1.0,0.11535384068278798,1.0,1.0
ds_5,M02,S5,42,0.8879356330014224,1.0,0.11206436699857758,1.0,1.0
ds_5,M02,S5,2026,0.8855796586059744,1.0,0.11442034139402557,1.0,1.0
ds_5,M03,S1,13,0.884646159317212,0.9757734708392604,0.09112731152204834,1.0,1.0
ds_5,M03,S1,42,0.8879356330014224,0.9718172119487908,0.08388157894736836,1.0,1.0
ds_5,M03,S1,2026,0.8855796586059744,0.9679943100995733,0.08241465149359883,1.0,1.0
ds_5,M03,S3,13,0.884646159317212,1.0,0.11535384068278798,1.0,1.0
ds_5,M03,S3,42,0.8879356330014224,1.0,0.11206436699857758,1.0,1.0
ds_5,M03,S3,2026,0.8855796586059744,1.0,0.11442034139402557,1.0,1.0
ds_5,M03,S5,13,0.884646159317212,1.0,0.11535384068278798,1.0,1.0
ds_5,M03,S5,42,0.8879356330014224,1.0,0.11206436699857758,1.0,1.0
ds_5,M03,S5,2026,0.8855796586059744,1.0,0.11442034139402557,1.0,1.0
ds_5,M04,S1,13,0.884646159317212,0.8822901849217638,-0.0023559743954482126,0.16666666666666666,0.0
ds_5,M04,S1,42,0.8879356330014224,0.8832681365576103,-0.004667496443812147,0.16666666666666666,0.0
ds_5,M04,S1,2026,0.8855796586059744,0.8891802987197723,0.003600640113797904,0.16666666666666666,0.0
ds_5,M04,S3,13,0.884646159317212,0.8851351351351351,0.0004889758179230652,0.14285714285714285,0.0
ds_5,M04,S3,42,0.8879356330014224,0.8866465149359887,-0.0012891180654337475,0.14285714285714285,0.0
ds_5,M04,S3,2026,0.8855796586059744,0.8869132290184922,0.0013335704125178038,0.14285714285714285,0.0
ds_5,M04,S5,13,0.884646159317212,0.8854907539118064,0.0008445945945944056,0.2,1.0
ds_5,M04,S5,42,0.8879356330014224,0.8925586770981508,0.004623044096728424,0.2,1.0
ds_5,M04,S5,2026,0.8855796586059744,0.8865576102418207,0.0009779516358462415,0.2,1.0
ds_5,M05,S1,13,0.884646159317212,0.8905583214793741,0.00591216216216206,0.0625,0.0
ds_5,M05,S1,42,0.8879356330014224,0.8870465860597438,-0.0008890469416785729,0.0625,0.0
ds_5,M05,S1,2026,0.8855796586059744,0.8857130156472263,0.0001333570412518359,0.0625,0.0
ds_5,M05,S3,13,0.884646159317212,0.8912695590327169,0.006623399715504852,0.1111111111111111,0.0
ds_5,M05,S3,42,0.8879356330014224,0.8911806543385491,0.0032450213371266745,0.1111111111111111,0.0
ds_5,M05,S3,2026,0.8855796586059744,0.8872243954480796,0.0016447368421051989,0.1111111111111111,0.0
ds_5,M05,S5,13,0.884646159317212,0.8898470839260314,0.0052009246088193795,0.25,1.0
ds_5,M05,S5,42,0.8879356330014224,0.8897137268847795,0.0017780938833570348,0.25,1.0
ds_5,M05,S5,2026,0.8855796586059744,0.8900248933143671,0.0044452347083926425,0.25,1.0
ds_5,M06,S1,13,0.8965486568226294,0.99946628713752,0.10291763031489054,1.0,1.0
ds_5,M06,S1,42,0.8965486568226294,0.9992883828500266,0.10273972602739723,1.0,1.0
ds_5,M06,S1,2026,0.8945472335883293,0.9997331435687601,0.10518590998043076,1.0,1.0
ds_5,M06,S3,13,0.8965486568226294,1.0,0.10345134317737059,1.0,1.0
ds_5,M06,S3,42,0.8965486568226294,1.0,0.10345134317737059,1.0,1.0
ds_5,M06,S3,2026,0.8945472335883293,1.0,0.10545276641167067,1.0,1.0
ds_5,M06,S5,13,0.8965486568226294,1.0,0.10345134317737059,1.0,1.0
ds_5,M06,S5,42,0.8965486568226294,1.0,0.10345134317737059,1.0,1.0
ds_5,M06,S5,2026,0.8945472335883293,1.0,0.10545276641167067,1.0,1.0
ds_5,M07,S1,13,0.9144287054828187,0.987309531256982,0.07288082577416322,0.5588235294117647,0.5
ds_5,M07,S1,42,0.9134456410027257,0.9854327717949863,0.0719871307922606,0.5588235294117647,0.5
ds_5,M07,S1,2026,0.9156351937083873,0.9868626837660307,0.0712274900576434,0.5588235294117647,0.5
ds_5,M07,S3,13,0.9144287054828187,0.987309531256982,0.07288082577416322,0.5588235294117647,0.5
ds_5,M07,S3,42,0.9134456410027257,0.9854327717949863,0.0719871307922606,0.5588235294117647,0.5
ds_5,M07,S3,2026,0.9156351937083873,0.9868626837660307,0.0712274900576434,0.5588235294117647,0.5
ds_5,M07,S5,13,0.9144287054828187,0.987309531256982,0.07288082577416322,0.5588235294117647,0.5
ds_5,M07,S5,42,0.9134456410027257,0.9854327717949863,0.0719871307922606,0.5588235294117647,0.5
ds_5,M07,S5,2026,0.9156351937083873,0.9868626837660307,0.0712274900576434,0.5588235294117647,0.5
ds_5,M08,S1,13,0.8795946486510512,0.8858171474287746,0.006222498777723406,0.0625,0.0
ds_5,M08,S1,42,0.8805724698875506,0.882705898039913,0.0021334281523623932,0.0625,0.0
ds_5,M08,S1,2026,0.8832392550780034,0.8821280945819814,-0.0011111604960220012,0.0625,0.0
ds_5,M08,S3,13,0.8795946486510512,0.8824392195208676,0.0028445708698163763,0.2,1.0
ds_5,M08,S3,42,0.8805724698875506,0.884528201253389,0.0039557313658384885,0.2,1.0
ds_5,M08,S3,2026,0.8832392550780034,0.8813725054446864,-0.0018667496333170108,0.2,1.0
ds_5,M08,S5,13,0.8795946486510512,0.8850615582914796,0.005466909640428397,0.1111111111111111,0.0
ds_5,M08,S5,42,0.8805724698875506,0.8850615582914796,0.004489088403929031,0.1111111111111111,0.0
ds_5,M08,S5,2026,0.8832392550780034,0.8795946486510512,-0.0036446064269521905,0.1111111111111111,0.0
ds_5,M09,S1,13,0.892336415362731,0.8946034850640114,0.002267069701280433,0.0625,0.0
ds_5,M09,S1,42,0.8892247510668563,0.8908250355618778,0.0016002844950214756,0.0625,0.0
ds_5,M09,S1,2026,0.8830014224751067,0.8832236842105263,0.00022226173541961547,0.0625,0.0
ds_5,M09,S3,13,0.892336415362731,0.8944256756756757,0.002089260312944652,0.0625,0.0
ds_5,M09,S3,42,0.8892247510668563,0.8890024893314367,-0.00022226173541961547,0.0625,0.0
ds_5,M09,S3,2026,0.8830014224751067,0.8887357752489331,0.00573435277382639,0.0625,0.0
ds_5,M09,S5,13,0.892336415362731,0.8944256756756757,0.002089260312944652,0.0625,0.0
ds_5,M09,S5,42,0.8892247510668563,0.8890024893314367,-0.00022226173541961547,0.0625,0.0
ds_5,M09,S5,2026,0.8830014224751067,0.8887357752489331,0.00573435277382639,0.0625,0.0
ds_5,M10,S1,13,0.8965486568226294,1.0,0.10345134317737059,1.0,1.0
ds_5,M10,S1,42,0.8965486568226294,1.0,0.10345134317737059,1.0,1.0
ds_5,M10,S1,2026,0.8945472335883293,1.0,0.10545276641167067,1.0,1.0
ds_5,M10,S3,13,0.8965486568226294,1.0,0.10345134317737059,1.0,1.0
ds_5,M10,S3,42,0.8965486568226294,1.0,0.10345134317737059,1.0,1.0
ds_5,M10,S3,2026,0.8945472335883293,1.0,0.10545276641167067,1.0,1.0
ds_5,M10,S5,13,0.8965486568226294,1.0,0.10345134317737059,1.0,1.0
ds_5,M10,S5,42,0.8965486568226294,1.0,0.10345134317737059,1.0,1.0
ds_5,M10,S5,2026,0.8945472335883293,1.0,0.10545276641167067,1.0,1.0
ds_5,M11,S1,13,0.9032200676036293,0.9258583881871553,0.022638320583525995,0.3088235294117647,0.5
ds_5,M11,S1,42,0.9011296922255827,0.9275040028464685,0.0263743106208858,0.3088235294117647,0.5
ds_5,M11,S1,2026,0.9053993951254224,0.9246575342465754,0.01925813912115293,0.3088235294117647,0.5
ds_5,M11,S3,13,0.9032200676036293,0.9998665717843801,0.09664650418075083,1.0,1.0
ds_5,M11,S3,42,0.9011296922255827,0.9997331435687601,0.09860345134317738,1.0,1.0
ds_5,M11,S3,2026,0.9053993951254224,0.9995997153531401,0.09420032022771763,1.0,1.0
ds_5,M11,S5,13,0.9032200676036293,1.0,0.09677993239637073,1.0,1.0
ds_5,M11,S5,42,0.9011296922255827,0.9999999999999999,0.09887030777441719,1.0,1.0
ds_5,M11,S5,2026,0.9053993951254224,0.9939067781533535,0.08850738302793104,1.0,1.0
ds_6,M01,S1,13,0.9186341203147925,1.0,0.08136587968520748,1.0,1.0
ds_6,M01,S1,42,0.9202792228002312,1.0,0.07972077719976878,1.0,1.0
ds_6,M01,S1,2026,0.9205904584055844,1.0,0.0794095415944156,1.0,1.0
ds_6,M01,S3,13,0.9186341203147925,1.0,0.08136587968520748,1.0,1.0
ds_6,M01,S3,42,0.9202792228002312,1.0,0.07972077719976878,1.0,1.0
ds_6,M01,S3,2026,0.9205904584055844,1.0,0.0794095415944156,1.0,1.0
ds_6,M01,S5,13,0.9186341203147925,1.0,0.08136587968520748,1.0,1.0
ds_6,M01,S5,42,0.9202792228002312,1.0,0.07972077719976878,1.0,1.0
ds_6,M01,S5,2026,0.9205904584055844,1.0,0.0794095415944156,1.0,1.0
ds_6,M02,S1,13,0.8914232359610511,0.9999110755413276,0.10848783958027652,1.0,1.0
ds_6,M02,S1,42,0.8907563025210085,1.0,0.10924369747899154,1.0,1.0
ds_6,M02,S1,2026,0.8895113600995954,1.0,0.11048863990040458,1.0,1.0
ds_6,M02,S3,13,0.8914232359610511,0.9999110755413276,0.10848783958027652,1.0,1.0
ds_6,M02,S3,42,0.8907563025210085,1.0,0.10924369747899154,1.0,1.0
ds_6,M02,S3,2026,0.8895113600995954,1.0,0.11048863990040458,1.0,1.0
ds_6,M02,S5,13,0.8914232359610511,0.9999110755413276,0.10848783958027652,1.0,1.0
ds_6,M02,S5,42,0.8907563025210085,1.0,0.10924369747899154,1.0,1.0
ds_6,M02,S5,2026,0.8895113600995954,1.0,0.11048863990040458,1.0,1.0
ds_6,M03,S1,13,0.8914232359610511,0.9985772086612422,0.10715397270019111,1.0,1.0
ds_6,M03,S1,42,0.8907563025210085,0.999288604330621,0.1085323018096126,1.0,1.0
ds_6,M03,S1,2026,0.8895113600995954,0.9986216708905784,0.10911031079098299,1.0,1.0
ds_6,M03,S3,13,0.8914232359610511,0.9999110755413276,0.10848783958027652,1.0,1.0
ds_6,M03,S3,42,0.8907563025210085,1.0,0.10924369747899154,1.0,1.0
ds_6,M03,S3,2026,0.8895113600995954,1.0,0.11048863990040458,1.0,1.0
ds_6,M03,S5,13,0.8914232359610511,0.9999110755413276,0.10848783958027652,1.0,1.0
ds_6,M03,S5,42,0.8907563025210085,1.0,0.10924369747899154,1.0,1.0
ds_6,M03,S5,2026,0.8895113600995954,1.0,0.11048863990040458,1.0,1.0
ds_6,M04,S1,13,0.8914232359610511,0.8911120003556979,-0.0003112356053531773,0.125,0.0
ds_6,M04,S1,42,0.8907563025210085,0.8872437864034503,-0.0035125161175582065,0.125,0.0
ds_6,M04,S1,2026,0.8895113600995954,0.8827086390111599,-0.006802721088435493,0.125,0.0
ds_6,M04,S3,13,0.8914232359610511,0.8923569427771109,0.0009337068160597539,0.0625,0.0
ds_6,M04,S3,42,0.8907563025210085,0.8866213151927438,-0.004134987328264672,0.0625,0.0
ds_6,M04,S3,2026,0.8895113600995954,0.8786181139122315,-0.01089324618736387,0.0625,0.0
ds_6,M04,S5,13,0.8914232359610511,0.891867858254413,0.00044462229336184045,0.125,0.0
ds_6,M04,S5,42,0.8907563025210085,0.8853319105419946,-0.005424391979013898,0.125,0.0
ds_6,M04,S5,2026,0.8895113600995954,0.8835089591392112,-0.00600240096038418,0.125,0.0
ds_6,M05,S1,13,0.8914232359610511,0.8912453870437063,-0.0001778489173448472,0.3333333333333333,1.0
ds_6,M05,S1,42,0.8907563025210085,0.8879551820728292,-0.0028011204481792618,0.3333333333333333,1.0
ds_6,M05,S1,2026,0.8895113600995954,0.8912009248143701,0.0016895647147746606,0.3333333333333333,1.0
ds_6,M05,S3,13,0.8914232359610511,0.8910230758970255,-0.0004001600640256564,0.16666666666666666,0.0
ds_6,M05,S3,42,0.8907563025210085,0.8876439464674759,-0.00311235605353255,0.16666666666666666,0.0
ds_6,M05,S3,2026,0.8895113600995954,0.8894224356409229,-8.892445867247911e-05,0.16666666666666666,0.0
ds_6,M05,S5,13,0.8914232359610511,0.8922680183184385,0.0008447823573873858,0.0625,0.0
ds_6,M05,S5,42,0.8907563025210085,0.887421635320795,-0.0033346672002134703,0.0625,0.0
ds_6,M05,S5,2026,0.8895113600995954,0.8905339913743275,0.001022631274732122,0.0625,0.0
ds_6,M06,S1,13,0.8927617521367521,0.9940349002849004,0.10127314814814825,1.0,1.0
ds_6,M06,S1,42,0.8949430199430201,0.9964387464387465,0.10149572649572647,1.0,1.0
ds_6,M06,S1,2026,0.8940527065527065,0.9988871082621082,0.10483440170940173,1.0,1.0
ds_6,M06,S3,13,0.8927617521367521,1.0,0.10723824786324787,1.0,1.0
ds_6,M06,S3,42,0.8949430199430201,0.9999999999999999,0.10505698005697983,1.0,1.0
ds_6,M06,S3,2026,0.8940527065527065,1.0,0.10594729344729348,1.0,1.0
ds_6,M06,S5,13,0.8927617521367521,1.0,0.10723824786324787,1.0,1.0
ds_6,M06,S5,42,0.8949430199430201,0.9999999999999999,0.10505698005697983,1.0,1.0
ds_6,M06,S5,2026,0.8940527065527065,1.0,0.10594729344729348,1.0,1.0
ds_6,M07,S1,13,0.9108516729289676,0.977992485238862,0.06714081230989433,0.5588235294117647,0.5
ds_6,M07,S1,42,0.9014582215065307,0.9779030237967437,0.076444802290213,0.5588235294117647,0.5
ds_6,M07,S1,2026,0.9162640901771336,0.9801395598497047,0.06387546967257107,0.5588235294117647,0.5
ds_6,M07,S3,13,0.9108516729289676,0.977992485238862,0.06714081230989433,0.5588235294117647,0.5
ds_6,M07,S3,42,0.9014582215065307,0.9779030237967437,0.076444802290213,0.5588235294117647,0.5
ds_6,M07,S3,2026,0.9162640901771336,0.9801395598497047,0.06387546967257107,0.5588235294117647,0.5
ds_6,M07,S5,13,0.9108516729289676,0.977992485238862,0.06714081230989433,0.5588235294117647,0.5
ds_6,M07,S5,42,0.9014582215065307,0.9779030237967437,0.076444802290213,0.5588235294117647,0.5
ds_6,M07,S5,2026,0.9162640901771336,0.9801395598497047,0.06387546967257107,0.5588235294117647,0.5
ds_6,M08,S1,13,0.8734332485837905,0.8791203889557965,0.0056871403720060165,0.2,1.0
ds_6,M08,S1,42,0.8810384049243946,0.8765779026718409,-0.0044605022525536775,0.2,1.0
ds_6,M08,S1,2026,0.8771131629421473,0.8791649939783218,0.0020518310361745673,0.2,1.0
ds_6,M08,S3,13,0.8734332485837905,0.8749275168383961,0.0014942682546056352,0.25,1.0
ds_6,M08,S3,42,0.8810384049243946,0.8776484232124537,-0.003389981711940826,0.25,1.0
ds_6,M08,S3,2026,0.8771131629421473,0.8778714483250815,0.0007582853829342096,0.25,1.0
ds_6,M08,S5,13,0.8734332485837905,0.8755519871537536,0.002118738569963141,0.0625,0.0
ds_6,M08,S5,42,0.8810384049243946,0.8759534323564833,-0.0050849725679112945,0.0625,0.0
ds_6,M08,S5,2026,0.8771131629421473,0.8795218341585263,0.002408671216378999,0.0625,0.0
ds_6,M09,S1,13,0.8956107549857549,0.8941417378917379,-0.0014690170940170333,0.3333333333333333,1.0
ds_6,M09,S1,42,0.8964565527065527,0.8977029914529914,0.001246438746438705,0.3333333333333333,1.0
ds_6,M09,S1,2026,0.8904469373219374,0.8916488603988604,0.0012019230769230171,0.3333333333333333,1.0
ds_6,M09,S3,13,0.8956107549857549,0.8930288461538461,-0.0025819088319087857,0.0625,0.0
ds_6,M09,S3,42,0.8964565527065527,0.8990829772079773,0.0026264245014245846,0.0625,0.0
ds_6,M09,S3,2026,0.8904469373219374,0.8927617521367522,0.0023148148148148806,0.0625,0.0
ds_6,M09,S5,13,0.8956107549857549,0.8930288461538461,-0.0025819088319087857,0.0625,0.0
ds_6,M09,S5,42,0.8964565527065527,0.8990829772079773,0.0026264245014245846,0.0625,0.0
ds_6,M09,S5,2026,0.8904469373219374,0.8927617521367522,0.0023148148148148806,0.0625,0.0
ds_6,M10,S1,13,0.8927617521367521,1.0,0.10723824786324787,1.0,1.0
ds_6,M10,S1,42,0.8949430199430201,1.0,0.10505698005697994,1.0,1.0
ds_6,M10,S1,2026,0.8940527065527065,1.0,0.10594729344729348,1.0,1.0
ds_6,M10,S3,13,0.8927617521367521,1.0,0.10723824786324787,1.0,1.0
ds_6,M10,S3,42,0.8949430199430201,1.0,0.10505698005697994,1.0,1.0
ds_6,M10,S3,2026,0.8940527065527065,1.0,0.10594729344729348,1.0,1.0
ds_6,M10,S5,13,0.8927617521367521,1.0,0.10723824786324787,1.0,1.0
ds_6,M10,S5,42,0.8949430199430201,1.0,0.10505698005697994,1.0,1.0
ds_6,M10,S5,2026,0.8940527065527065,1.0,0.10594729344729348,1.0,1.0
ds_6,M11,S1,13,0.9042804329428534,0.9203598948821878,0.016079461939334405,0.45,1.0
ds_6,M11,S1,42,0.9082000801746024,0.9229878401852925,0.014787760010690043,0.45,1.0
ds_6,M11,S1,2026,0.9077101242706339,0.9222751770522472,0.014565052781613241,0.45,1.0
ds_6,M11,S3,13,0.9042804329428534,0.99933187831277,0.09505144536991661,1.0,1.0
ds_6,M11,S3,42,0.9082000801746024,0.9999554585541847,0.09175537837958225,1.0,1.0
ds_6,M11,S3,2026,0.9077101242706339,0.9999554585541847,0.09224533428355075,1.0,1.0
ds_6,M11,S5,13,0.9042804329428534,1.0,0.09571956705714657,1.0,1.0
ds_6,M11,S5,42,0.9082000801746024,0.9999554585541847,0.09175537837958225,1.0,1.0
ds_6,M11,S5,2026,0.9077101242706339,0.9999109171083693,0.09220079283773541,1.0,1.0
ds_7,M01,S1,13,0.862125875373567,0.9999999999999999,0.1378741246264329,1.0,1.0
ds_7,M01,S1,42,0.8694857040902805,1.0,0.13051429590971952,1.0,1.0
ds_7,M01,S1,2026,0.8644007315223694,1.0,0.1355992684776306,1.0,1.0
ds_7,M01,S3,13,0.862125875373567,0.9999999999999999,0.1378741246264329,1.0,1.0
ds_7,M01,S3,42,0.8694857040902805,1.0,0.13051429590971952,1.0,1.0
ds_7,M01,S3,2026,0.8644007315223694,1.0,0.1355992684776306,1.0,1.0
ds_7,M01,S5,13,0.862125875373567,0.9999999999999999,0.1378741246264329,1.0,1.0
ds_7,M01,S5,42,0.8694857040902805,1.0,0.13051429590971952,1.0,1.0
ds_7,M01,S5,2026,0.8644007315223694,1.0,0.1355992684776306,1.0,1.0
ds_7,M02,S1,13,0.895380374371971,1.0,0.10461962562802896,1.0,1.0
ds_7,M02,S1,42,0.8996487483882442,1.0,0.10035125161175584,1.0,1.0
ds_7,M02,S1,2026,0.896358543417367,1.0,0.10364145658263302,1.0,1.0
ds_7,M02,S3,13,0.895380374371971,1.0,0.10461962562802896,1.0,1.0
ds_7,M02,S3,42,0.8996487483882442,1.0,0.10035125161175584,1.0,1.0
ds_7,M02,S3,2026,0.896358543417367,1.0,0.10364145658263302,1.0,1.0
ds_7,M02,S5,13,0.895380374371971,1.0,0.10461962562802896,1.0,1.0
ds_7,M02,S5,42,0.8996487483882442,1.0,0.10035125161175584,1.0,1.0
ds_7,M02,S5,2026,0.896358543417367,1.0,0.10364145658263302,1.0,1.0
ds_7,M03,S1,13,0.895380374371971,0.9990662931839402,0.1036859188119692,1.0,1.0
ds_7,M03,S1,42,0.8996487483882442,0.999510915477302,0.09986216708905782,1.0,1.0
ds_7,M03,S1,2026,0.896358543417367,0.9995553777066382,0.10319683428927118,1.0,1.0
ds_7,M03,S3,13,0.895380374371971,1.0,0.10461962562802896,1.0,1.0
ds_7,M03,S3,42,0.8996487483882442,1.0,0.10035125161175584,1.0,1.0
ds_7,M03,S3,2026,0.896358543417367,1.0,0.10364145658263302,1.0,1.0
ds_7,M03,S5,13,0.895380374371971,1.0,0.10461962562802896,1.0,1.0
ds_7,M03,S5,42,0.8996487483882442,1.0,0.10035125161175584,1.0,1.0
ds_7,M03,S5,2026,0.896358543417367,1.0,0.10364145658263302,1.0,1.0
ds_7,M04,S1,13,0.895380374371971,0.8969810146280734,0.0016006402561024036,0.0625,0.0
ds_7,M04,S1,42,0.8996487483882442,0.9005379929749676,0.0008892445867234589,0.0625,0.0
ds_7,M04,S1,2026,0.896358543417367,0.8922235560891022,-0.004134987328264783,0.0625,0.0
ds_7,M04,S3,13,0.895380374371971,0.8964474678760392,0.001067093504068195,0.1,0.0
ds_7,M04,S3,42,0.8996487483882442,0.9002267573696145,0.0005780089813703926,0.1,0.0
ds_7,M04,S3,2026,0.896358543417367,0.9004490685162955,0.004090525098928488,0.1,0.0
ds_7,M04,S5,13,0.895380374371971,0.8958249966653328,0.0004446222933617294,0.0625,0.0
ds_7,M04,S5,42,0.8996487483882442,0.899381975012227,-0.00026677337601710427,0.0625,0.0
ds_7,M04,S5,2026,0.896358543417367,0.8960028455826775,-0.00035569783468947236,0.0625,0.0
ds_7,M05,S1,13,0.895380374371971,0.8976034858387799,0.002223111466808869,0.0625,0.0
ds_7,M05,S1,42,0.8996487483882442,0.895913921124005,-0.0037348272642391267,0.0625,0.0
ds_7,M05,S1,2026,0.896358543417367,0.9012049264150105,0.004846382997643506,0.0625,0.0
ds_7,M05,S3,13,0.895380374371971,0.8981814948201503,0.0028011204481792618,0.0625,0.0
ds_7,M05,S3,42,0.8996487483882442,0.9000489084522698,0.0004001600640256564,0.0625,0.0
ds_7,M05,S3,2026,0.896358543417367,0.9048508292205771,0.008492285803210153,0.0625,0.0
ds_7,M05,S5,13,0.895380374371971,0.8964030056467032,0.001022631274732122,0.0625,0.0
ds_7,M05,S5,42,0.8996487483882442,0.8931128006758258,-0.0065359477124183885,0.0625,0.0
ds_7,M05,S5,2026,0.896358543417367,0.895113600995954,-0.0012449424214129312,0.0625,0.0
ds_7,M06,S1,13,0.8782236871408846,0.9984410493964635,0.12021736225557889,1.0,1.0
ds_7,M06,S1,42,0.9033896040265468,0.9990200881920627,0.0956304841655159,1.0,1.0
ds_7,M06,S1,2026,0.9015634047481181,0.99933187831277,0.0977684735646519,1.0,1.0
ds_7,M06,S3,13,0.8782236871408846,1.0,0.12177631285911539,1.0,1.0
ds_7,M06,S3,42,0.9033896040265468,0.9999999999999999,0.09661039597345311,1.0,1.0
ds_7,M06,S3,2026,0.9015634047481181,1.0,0.09843659525188186,1.0,1.0
ds_7,M06,S5,13,0.8782236871408846,1.0,0.12177631285911539,1.0,1.0
ds_7,M06,S5,42,0.9033896040265468,0.9999999999999999,0.09661039597345311,1.0,1.0
ds_7,M06,S5,2026,0.9015634047481181,1.0,0.09843659525188186,1.0,1.0
ds_7,M07,S1,13,0.8985714925439972,0.9756840266893556,0.07711253414535846,0.5588235294117647,0.5
ds_7,M07,S1,42,0.902601764363441,0.9737136715776276,0.07111190721418659,0.5588235294117647,0.5
ds_7,M07,S1,2026,0.900855313241682,0.9749675339214545,0.07411222067977252,0.5588235294117647,0.5
ds_7,M07,S3,13,0.8985714925439972,0.9756840266893556,0.07711253414535846,0.5588235294117647,0.5
ds_7,M07,S3,42,0.902601764363441,0.9737136715776276,0.07111190721418659,0.5588235294117647,0.5
ds_7,M07,S3,2026,0.900855313241682,0.9749675339214545,0.07411222067977252,0.5588235294117647,0.5
ds_7,M07,S5,13,0.8985714925439972,0.9756840266893556,0.07711253414535846,0.5588235294117647,0.5
ds_7,M07,S5,42,0.902601764363441,0.9737136715776276,0.07111190721418659,0.5588235294117647,0.5
ds_7,M07,S5,2026,0.900855313241682,0.9749675339214545,0.07411222067977252,0.5588235294117647,0.5
ds_7,M08,S1,13,0.8755778805120911,0.8769114509246089,0.0013335704125178038,0.14285714285714285,0.0
ds_7,M08,S1,42,0.8823346372688478,0.8845572546230441,0.0022226173541963767,0.14285714285714285,0.0
ds_7,M08,S1,2026,0.8799786628733997,0.8883801564722618,0.008401493598862109,0.14285714285714285,0.0
ds_7,M08,S3,13,0.8755778805120911,0.8805565433854907,0.004978662873399653,0.0625,0.0
ds_7,M08,S3,42,0.8823346372688478,0.882823613086771,0.0004889758179232873,0.0625,0.0
ds_7,M08,S3,2026,0.8799786628733997,0.8893581081081081,0.009379445234708461,0.0625,0.0
ds_7,M08,S5,13,0.8755778805120911,0.8806454480796586,0.0050675675675675436,0.0625,0.0
ds_7,M08,S5,42,0.8823346372688478,0.881045519203414,-0.0012891180654337475,0.0625,0.0
ds_7,M08,S5,2026,0.8799786628733997,0.8910917496443812,0.01111308677098155,0.0625,0.0
ds_7,M09,S1,13,0.8746219533890767,0.8919231453478029,0.01730119195872626,0.0625,0.0
ds_7,M09,S1,42,0.8846735456324497,0.884451165273083,-0.00022238035936672507,0.0625,0.0
ds_7,M09,S1,2026,0.8869418252979897,0.8868973492261163,-4.447607187341163e-05,0.0625,0.0
ds_7,M09,S3,13,0.8746219533890767,0.8913894324853229,0.016767479096246207,0.0625,0.0
ds_7,M09,S3,42,0.8846735456324497,0.8834282156199964,-0.001245330012453305,0.0625,0.0
ds_7,M09,S3,2026,0.8869418252979897,0.8889432485322897,0.0020014232342999705,0.0625,0.0
ds_7,M09,S5,13,0.8746219533890767,0.8913894324853229,0.016767479096246207,0.0625,0.0
ds_7,M09,S5,42,0.8846735456324497,0.8834282156199964,-0.001245330012453305,0.0625,0.0
ds_7,M09,S5,2026,0.8869418252979897,0.8889432485322897,0.0020014232342999705,0.0625,0.0
ds_7,M10,S1,13,0.8782236871408846,0.9999999999999999,0.12177631285911528,1.0,1.0
ds_7,M10,S1,42,0.9033896040265468,1.0,0.09661039597345322,1.0,1.0
ds_7,M10,S1,2026,0.9015634047481181,1.0,0.09843659525188186,1.0,1.0
ds_7,M10,S3,13,0.8782236871408846,0.9999999999999999,0.12177631285911528,1.0,1.0
ds_7,M10,S3,42,0.9033896040265468,1.0,0.09661039597345322,1.0,1.0
ds_7,M10,S3,2026,0.9015634047481181,1.0,0.09843659525188186,1.0,1.0
ds_7,M10,S5,13,0.8782236871408846,0.9999999999999999,0.12177631285911528,1.0,1.0
ds_7,M10,S5,42,0.9033896040265468,1.0,0.09661039597345322,1.0,1.0
ds_7,M10,S5,2026,0.9015634047481181,1.0,0.09843659525188186,1.0,1.0
ds_7,M11,S1,13,0.9138839285714286,0.9349107142857142,0.021026785714285512,0.39285714285714285,0.5
ds_7,M11,S1,42,0.8954910714285713,0.9400892857142857,0.04459821428571442,0.39285714285714285,0.5
ds_7,M11,S1,2026,0.9047321428571429,0.9353125,0.030580357142857117,0.39285714285714285,0.5
ds_7,M11,S3,13,0.9138839285714286,0.9893080357142857,0.07542410714285708,1.0,1.0
ds_7,M11,S3,42,0.8954910714285713,0.9985267857142858,0.10303571428571445,1.0,1.0
ds_7,M11,S3,2026,0.9047321428571429,0.9949553571428572,0.09022321428571434,1.0,1.0
ds_7,M11,S5,13,0.9138839285714286,1.0,0.08611607142857136,1.0,1.0
ds_7,M11,S5,42,0.8954910714285713,0.9999999999999999,0.10450892857142857,1.0,1.0
ds_7,M11,S5,2026,0.9047321428571429,1.0,0.09526785714285713,1.0,1.0
ds_8,M01,S1,13,0.8982975110594754,1.0,0.10170248894052458,1.0,1.0
ds_8,M01,S1,42,0.8951248938737209,0.9999329728763573,0.10480807900263645,1.0,1.0
ds_8,M01,S1,2026,0.8968675990884311,1.0,0.10313240091156894,1.0,1.0
ds_8,M01,S3,13,0.8982975110594754,1.0,0.10170248894052458,1.0,1.0
ds_8,M01,S3,42,0.8951248938737209,0.9999329728763573,0.10480807900263645,1.0,1.0
ds_8,M01,S3,2026,0.8968675990884311,1.0,0.10313240091156894,1.0,1.0
ds_8,M01,S5,13,0.8982975110594754,1.0,0.10170248894052458,1.0,1.0
ds_8,M01,S5,42,0.8951248938737209,0.9999329728763573,0.10480807900263645,1.0,1.0
ds_8,M01,S5,2026,0.8968675990884311,1.0,0.10313240091156894,1.0,1.0
ds_8,M02,S1,13,0.8851866720192694,1.0,0.11481332798073063,1.0,1.0
ds_8,M02,S1,42,0.8959810874704492,1.0,0.10401891252955076,1.0,1.0
ds_8,M02,S1,2026,0.8884428386636336,1.0,0.1115571613363664,1.0,1.0
ds_8,M02,S3,13,0.8851866720192694,1.0,0.11481332798073063,1.0,1.0
ds_8,M02,S3,42,0.8959810874704492,1.0,0.10401891252955076,1.0,1.0
ds_8,M02,S3,2026,0.8884428386636336,1.0,0.1115571613363664,1.0,1.0
ds_8,M02,S5,13,0.8851866720192694,1.0,0.11481332798073063,1.0,1.0
ds_8,M02,S5,42,0.8959810874704492,1.0,0.10401891252955076,1.0,1.0
ds_8,M02,S5,2026,0.8884428386636336,1.0,0.1115571613363664,1.0,1.0
ds_8,M03,S1,13,0.8851866720192694,0.9764485481065168,0.09126187608724745,1.0,1.0
ds_8,M03,S1,42,0.8959810874704492,0.9716758106962844,0.07569472322583515,1.0,1.0
ds_8,M03,S1,2026,0.8884428386636336,0.9753334225433784,0.0868905838797448,1.0,1.0
ds_8,M03,S3,13,0.8851866720192694,1.0,0.11481332798073063,1.0,1.0
ds_8,M03,S3,42,0.8959810874704492,1.0,0.10401891252955076,1.0,1.0
ds_8,M03,S3,2026,0.8884428386636336,1.0,0.1115571613363664,1.0,1.0
ds_8,M03,S5,13,0.8851866720192694,1.0,0.11481332798073063,1.0,1.0
ds_8,M03,S5,42,0.8959810874704492,1.0,0.10401891252955076,1.0,1.0
ds_8,M03,S5,2026,0.8884428386636336,1.0,0.1115571613363664,1.0,1.0
ds_8,M04,S1,13,0.8851866720192694,0.8953120121325662,0.010125340113296799,0.14285714285714285,0.0
ds_8,M04,S1,42,0.8959810874704492,0.8954012221776172,-0.0005798652928320491,0.14285714285714285,0.0
ds_8,M04,S1,2026,0.8884428386636336,0.8969177929434855,0.008474954279851898,0.14285714285714285,0.0
ds_8,M04,S3,13,0.8851866720192694,0.8958472724028725,0.01066060038360317,0.0625,0.0
ds_8,M04,S3,42,0.8959810874704492,0.8908961149025381,-0.0050849725679111835,0.0625,0.0
ds_8,M04,S3,2026,0.8884428386636336,0.8970962130335876,0.008653374369953948,0.0625,0.0
ds_8,M04,S5,13,0.8851866720192694,0.8910299299701145,0.005843257950845171,0.16666666666666666,0.0
ds_8,M04,S5,42,0.8959810874704492,0.8939738614568,-0.0020072260136492215,0.16666666666666666,0.0
ds_8,M04,S5,2026,0.8884428386636336,0.8973638431687407,0.008921004505107133,0.16666666666666666,0.0
ds_8,M05,S1,13,0.8851866720192694,0.8929925509612382,0.007805878941968825,0.3333333333333333,1.0
ds_8,M05,S1,42,0.8959810874704492,0.8941522815469021,-0.001828805923547172,0.3333333333333333,1.0
ds_8,M05,S1,2026,0.8884428386636336,0.8858111423346269,-0.0026316963290067275,0.3333333333333333,1.0
ds_8,M05,S3,13,0.8851866720192694,0.8861679825148312,0.0009813104955618268,0.0625,0.0
ds_8,M05,S3,42,0.8959810874704492,0.8891119140015166,-0.006869173468932677,0.0625,0.0
ds_8,M05,S3,2026,0.8884428386636336,0.8978991034390472,0.009456264775413614,0.0625,0.0
ds_8,M05,S5,13,0.8851866720192694,0.8863017975824078,0.0011151255631384194,0.0625,0.0
ds_8,M05,S5,42,0.8959810874704492,0.8869708729202909,-0.00901021455015838,0.0625,0.0
ds_8,M05,S5,2026,0.8884428386636336,0.894063071501851,0.005620232838217443,0.0625,0.0
ds_8,M06,S1,13,0.8981547512925656,0.9988857193795685,0.10073096808700288,1.0,1.0
ds_8,M06,S1,42,0.9001604564093422,0.9995988589766447,0.09943840256730252,1.0,1.0
ds_8,M06,S1,2026,0.8994918880370831,0.9992868604029238,0.09979497236584067,1.0,1.0
ds_8,M06,S3,13,0.8981547512925656,1.0,0.10184524870743439,1.0,1.0
ds_8,M06,S3,42,0.9001604564093422,1.0,0.09983954359065783,1.0,1.0
ds_8,M06,S3,2026,0.8994918880370831,1.0,0.10050811196291687,1.0,1.0
ds_8,M06,S5,13,0.8981547512925656,1.0,0.10184524870743439,1.0,1.0
ds_8,M06,S5,42,0.9001604564093422,1.0,0.09983954359065783,1.0,1.0
ds_8,M06,S5,2026,0.8994918880370831,1.0,0.10050811196291687,1.0,1.0
ds_8,M07,S1,13,0.8934240362811792,0.972433417811569,0.07900938153038983,0.45,1.0
ds_8,M07,S1,42,0.8985371926548397,0.9738562091503268,0.07531901649548711,0.45,1.0
ds_8,M07,S1,2026,0.8952469876839624,0.973945133608999,0.07869814592503666,0.45,1.0
ds_8,M07,S3,13,0.8934240362811792,0.972433417811569,0.07900938153038983,0.45,1.0
ds_8,M07,S3,42,0.8985371926548397,0.9738562091503268,0.07531901649548711,0.45,1.0
ds_8,M07,S3,2026,0.8952469876839624,0.973945133608999,0.07869814592503666,0.45,1.0
ds_8,M07,S5,13,0.8934240362811792,0.972433417811569,0.07900938153038983,0.45,1.0
ds_8,M07,S5,42,0.8985371926548397,0.9738562091503268,0.07531901649548711,0.45,1.0
ds_8,M07,S5,2026,0.8952469876839624,0.973945133608999,0.07869814592503666,0.45,1.0
ds_8,M08,S1,13,0.8953483176191965,0.8840430760981276,-0.011305241521068932,0.0625,0.0
ds_8,M08,S1,42,0.889449930738639,0.8712408954823719,-0.018209035256267048,0.0625,0.0
ds_8,M08,S1,2026,0.8944546226372939,0.8953036328701014,0.0008490102328074789,0.0625,0.0
ds_8,M08,S3,13,0.8953483176191965,0.8898967782295902,-0.005451539389606297,0.16666666666666666,0.0
ds_8,M08,S3,42,0.889449930738639,0.8690960275258054,-0.02035390321283359,0.16666666666666666,0.0
ds_8,M08,S3,2026,0.8944546226372939,0.8992805755395684,0.0048259529022745,0.16666666666666666,0.0
ds_8,M08,S5,13,0.8953483176191965,0.8905223647169221,-0.0048259529022743886,0.0625,0.0
ds_8,M08,S5,42,0.889449930738639,0.8689619732785201,-0.02048795746011889,0.0625,0.0
ds_8,M08,S5,2026,0.8944546226372939,0.890790473211493,-0.0036641494258009555,0.0625,0.0
ds_8,M09,S1,13,0.8836989750044957,0.8891386441287538,0.005439669124258084,0.0625,0.0
ds_8,M09,S1,42,0.8925103398669304,0.8908469699694299,-0.0016633698975004885,0.0625,0.0
ds_8,M09,S1,2026,0.881765869447941,0.8841934903794281,0.0024276209314870734,0.0625,0.0
ds_8,M09,S3,13,0.8836989750044957,0.8988041719115267,0.015105196907031049,0.16666666666666666,0.0
ds_8,M09,S3,42,0.8925103398669304,0.890127674878619,-0.0023826649883114115,0.16666666666666666,0.0
ds_8,M09,S3,2026,0.881765869447941,0.8861265959359826,0.004360726488041644,0.16666666666666666,0.0
ds_8,M09,S5,13,0.8836989750044957,0.8988041719115267,0.015105196907031049,0.16666666666666666,0.0
ds_8,M09,S5,42,0.8925103398669304,0.890127674878619,-0.0023826649883114115,0.16666666666666666,0.0
ds_8,M09,S5,2026,0.881765869447941,0.8861265959359826,0.004360726488041644,0.16666666666666666,0.0
ds_8,M10,S1,13,0.8981547512925656,1.0,0.10184524870743439,1.0,1.0
ds_8,M10,S1,42,0.9001604564093422,1.0,0.09983954359065783,1.0,1.0
ds_8,M10,S1,2026,0.8994918880370831,1.0,0.10050811196291687,1.0,1.0
ds_8,M10,S3,13,0.8981547512925656,1.0,0.10184524870743439,1.0,1.0
ds_8,M10,S3,42,0.9001604564093422,1.0,0.09983954359065783,1.0,1.0
ds_8,M10,S3,2026,0.8994918880370831,1.0,0.10050811196291687,1.0,1.0
ds_8,M10,S5,13,0.8981547512925656,1.0,0.10184524870743439,1.0,1.0
ds_8,M10,S5,42,0.9001604564093422,1.0,0.09983954359065783,1.0,1.0
ds_8,M10,S5,2026,0.8994918880370831,1.0,0.10050811196291687,1.0,1.0
ds_8,M11,S1,13,0.909767316017316,0.9336670274170275,0.023899711399711476,0.45,1.0
ds_8,M11,S1,42,0.9123376623376624,0.9264520202020202,0.014114357864357774,0.45,1.0
ds_8,M11,S1,2026,0.9132395382395383,0.9327651515151516,0.019525613275613307,0.45,1.0
ds_8,M11,S3,13,0.909767316017316,0.9998647186147186,0.09009740259740262,0.8333333333333333,1.0
ds_8,M11,S3,42,0.9123376623376624,0.9986922799422799,0.08635461760461749,0.8333333333333333,1.0
ds_8,M11,S3,2026,0.9132395382395383,0.9999098124098125,0.08667027417027418,0.8333333333333333,1.0
ds_8,M11,S5,13,0.909767316017316,0.9999549062049062,0.09018759018759026,1.0,1.0
ds_8,M11,S5,42,0.9123376623376624,1.0,0.08766233766233755,1.0,1.0
ds_8,M11,S5,2026,0.9132395382395383,1.0,0.0867604617604617,1.0,1.0
ds_9,M01,S1,13,0.881067853170189,0.9999110122358176,0.11884315906562859,1.0,1.0
ds_9,M01,S1,42,0.8888542825361513,1.0,0.11114571746384871,1.0,1.0
ds_9,M01,S1,2026,0.8842714126807564,1.0,0.11572858731924363,1.0,1.0
ds_9,M01,S3,13,0.881067853170189,0.9999110122358176,0.11884315906562859,1.0,1.0
ds_9,M01,S3,42,0.8888542825361513,1.0,0.11114571746384871,1.0,1.0
ds_9,M01,S3,2026,0.8842714126807564,1.0,0.11572858731924363,1.0,1.0
ds_9,M01,S5,13,0.881067853170189,0.9999110122358176,0.11884315906562859,1.0,1.0
ds_9,M01,S5,42,0.8888542825361513,1.0,0.11114571746384871,1.0,1.0
ds_9,M01,S5,2026,0.8842714126807564,1.0,0.11572858731924363,1.0,1.0
ds_9,M02,S1,13,0.8866465149359886,1.0,0.11335348506401144,1.0,1.0
ds_9,M02,S1,42,0.8963371266002845,1.0,0.10366287339971547,1.0,1.0
ds_9,M02,S1,2026,0.8985152916073968,1.0,0.10148470839260315,1.0,1.0
ds_9,M02,S3,13,0.8866465149359886,1.0,0.11335348506401144,1.0,1.0
ds_9,M02,S3,42,0.8963371266002845,1.0,0.10366287339971547,1.0,1.0
ds_9,M02,S3,2026,0.8985152916073968,1.0,0.10148470839260315,1.0,1.0
ds_9,M02,S5,13,0.8866465149359886,1.0,0.11335348506401144,1.0,1.0
ds_9,M02,S5,42,0.8963371266002845,1.0,0.10366287339971547,1.0,1.0
ds_9,M02,S5,2026,0.8985152916073968,1.0,0.10148470839260315,1.0,1.0
ds_9,M03,S1,13,0.8866465149359886,0.9925320056899004,0.10588549075391185,1.0,1.0
ds_9,M03,S1,42,0.8963371266002845,0.9983997155049787,0.10206258890469422,1.0,1.0
ds_9,M03,S1,2026,0.8985152916073968,0.9978218349928876,0.09930654338549072,1.0,1.0
ds_9,M03,S3,13,0.8866465149359886,1.0,0.11335348506401144,1.0,1.0
ds_9,M03,S3,42,0.8963371266002845,1.0,0.10366287339971547,1.0,1.0
ds_9,M03,S3,2026,0.8985152916073968,1.0,0.10148470839260315,1.0,1.0
ds_9,M03,S5,13,0.8866465149359886,1.0,0.11335348506401144,1.0,1.0
ds_9,M03,S5,42,0.8963371266002845,1.0,0.10366287339971547,1.0,1.0
ds_9,M03,S5,2026,0.8985152916073968,1.0,0.10148470839260315,1.0,1.0
ds_9,M04,S1,13,0.8866465149359886,0.8920252489331437,0.005378733997155161,0.0625,0.0
ds_9,M04,S1,42,0.8963371266002845,0.8932254623044097,-0.0031116642958748386,0.0625,0.0
ds_9,M04,S1,2026,0.8985152916073968,0.8983374822190612,-0.00017780938833567017,0.0625,0.0
ds_9,M04,S3,13,0.8866465149359886,0.8934921763869133,0.006845661450924689,0.0625,0.0
ds_9,M04,S3,42,0.8963371266002845,0.8985597439544808,0.0022226173541962657,0.0625,0.0
ds_9,M04,S3,2026,0.8985152916073968,0.8956258890469417,-0.002889402560455112,0.0625,0.0
ds_9,M04,S5,13,0.8866465149359886,0.8945145803698437,0.007868065433855098,0.0625,0.0
ds_9,M04,S5,42,0.8963371266002845,0.8976262446657183,0.0012891180654337475,0.0625,0.0
ds_9,M04,S5,2026,0.8985152916073968,0.89175853485064,-0.006756756756756799,0.0625,0.0
ds_9,M05,S1,13,0.8866465149359886,0.8935810810810811,0.00693456614509258,0.1111111111111111,0.0
ds_9,M05,S1,42,0.8963371266002845,0.8930032005689901,-0.003333926031294454,0.1111111111111111,0.0
ds_9,M05,S1,2026,0.8985152916073968,0.8938033428165006,-0.004711948790896203,0.1111111111111111,0.0
ds_9,M05,S3,13,0.8866465149359886,0.891802987197724,0.005156472261735434,0.0625,0.0
ds_9,M05,S3,42,0.8963371266002845,0.8930921052631579,-0.0032450213371266745,0.0625,0.0
ds_9,M05,S3,2026,0.8985152916073968,0.8923364153627311,-0.006178876244665732,0.0625,0.0
ds_9,M05,S5,13,0.8866465149359886,0.8937144381223329,0.007067923186344305,0.1,0.0
ds_9,M05,S5,42,0.8963371266002845,0.892425320056899,-0.003911806543385521,0.1,0.0
ds_9,M05,S5,2026,0.8985152916073968,0.8860686344238975,-0.012446657183499354,0.1,0.0
ds_9,M06,S1,13,0.915019586894587,0.9987535612535612,0.08373397435897423,1.0,1.0
ds_9,M06,S1,42,0.9151086182336182,0.9987535612535613,0.08364494301994307,1.0,1.0
ds_9,M06,S1,2026,0.9151531339031339,0.9988871082621082,0.08373397435897434,1.0,1.0
ds_9,M06,S3,13,0.915019586894587,1.0,0.08498041310541304,1.0,1.0
ds_9,M06,S3,42,0.9151086182336182,0.9999109686609687,0.08480235042735051,1.0,1.0
ds_9,M06,S3,2026,0.9151531339031339,0.9999999999999999,0.08484686609686598,1.0,1.0
ds_9,M06,S5,13,0.915019586894587,1.0,0.08498041310541304,1.0,1.0
ds_9,M06,S5,42,0.9151086182336182,0.9999109686609687,0.08480235042735051,1.0,1.0
ds_9,M06,S5,2026,0.9151531339031339,0.9999999999999999,0.08484686609686598,1.0,1.0
ds_9,M07,S1,13,0.9059069291968531,0.9783101471176497,0.07240321792079663,0.5588235294117647,0.5
ds_9,M07,S1,42,0.9021734299302191,0.9785768256366949,0.07640339570647581,0.5588235294117647,0.5
ds_9,M07,S1,2026,0.9063069469754211,0.9783990399573315,0.07209209298191033,0.5588235294117647,0.5
ds_9,M07,S3,13,0.9059069291968531,0.9783101471176497,0.07240321792079663,0.5588235294117647,0.5
ds_9,M07,S3,42,0.9021734299302191,0.9785768256366949,0.07640339570647581,0.5588235294117647,0.5
ds_9,M07,S3,2026,0.9063069469754211,0.9783990399573315,0.07209209298191033,0.5588235294117647,0.5
ds_9,M07,S5,13,0.9059069291968531,0.9783101471176497,0.07240321792079663,0.5588235294117647,0.5
ds_9,M07,S5,42,0.9021734299302191,0.9785768256366949,0.07640339570647581,0.5588235294117647,0.5
ds_9,M07,S5,2026,0.9063069469754211,0.9783990399573315,0.07209209298191033,0.5588235294117647,0.5
ds_9,M08,S1,13,0.8813308853163764,0.8830325556401415,0.0017016703237651143,0.0625,0.0
ds_9,M08,S1,42,0.8811069813264072,0.8828086516501723,0.0017016703237651143,0.0625,0.0
ds_9,M08,S1,2026,0.8800322421745556,0.884152075589987,0.004119833415431429,0.0625,0.0
ds_9,M08,S3,13,0.8813308853163764,0.8813756661143702,4.47807979938597e-05,0.0625,0.0
ds_9,M08,S3,42,0.8811069813264072,0.8829877748421477,0.001880793515740553,0.0625,0.0
ds_9,M08,S3,2026,0.8800322421745556,0.8853611571358202,0.005328914961264641,0.0625,0.0
ds_9,M08,S5,13,0.8813308853163764,0.8794948725986297,-0.0018360127177466934,0.1,0.0
ds_9,M08,S5,42,0.8811069813264072,0.883659486812055,0.0025525054856477825,0.1,0.0
ds_9,M08,S5,2026,0.8800322421745556,0.8882271282074247,0.008194886032869109,0.1,0.0
ds_9,M09,S1,13,0.9119516422952131,0.9117738566158496,-0.00017778567936344025,0.3333333333333333,1.0
ds_9,M09,S1,42,0.9087070536468287,0.9047513222809903,-0.0039557313658383775,0.3333333333333333,1.0
ds_9,M09,S1,2026,0.9127961242721899,0.9101737855015778,-0.0026223387706121315,0.3333333333333333,1.0
ds_9,M09,S3,13,0.9119516422952131,0.9039068403040136,-0.008044801991199502,0.25,1.0
ds_9,M09,S3,42,0.9087070536468287,0.9091515178452375,0.0004444641984088227,0.25,1.0
ds_9,M09,S3,2026,0.9127961242721899,0.9101737855015779,-0.0026223387706120205,0.25,1.0
ds_9,M09,S5,13,0.9119516422952131,0.9039068403040136,-0.008044801991199502,0.3333333333333333,1.0
ds_9,M09,S5,42,0.9087070536468287,0.9091515178452375,0.0004444641984088227,0.3333333333333333,1.0
ds_9,M09,S5,2026,0.9127961242721899,0.9101737855015779,-0.0026223387706120205,0.3333333333333333,1.0
ds_9,M10,S1,13,0.915019586894587,1.0,0.08498041310541304,1.0,1.0
ds_9,M10,S1,42,0.9151086182336182,1.0,0.08489138176638178,1.0,1.0
ds_9,M10,S1,2026,0.9151531339031339,0.9999999999999999,0.08484686609686598,1.0,1.0
ds_9,M10,S3,13,0.915019586894587,1.0,0.08498041310541304,1.0,1.0
ds_9,M10,S3,42,0.9151086182336182,1.0,0.08489138176638178,1.0,1.0
ds_9,M10,S3,2026,0.9151531339031339,0.9999999999999999,0.08484686609686598,1.0,1.0
ds_9,M10,S5,13,0.915019586894587,1.0,0.08498041310541304,1.0,1.0
ds_9,M10,S5,42,0.9151086182336182,1.0,0.08489138176638178,1.0,1.0
ds_9,M10,S5,2026,0.9151531339031339,0.9999999999999999,0.08484686609686598,1.0,1.0
ds_9,M11,S1,13,0.9000888888888888,0.9286222222222221,0.0285333333333333,0.3088235294117647,0.5
ds_9,M11,S1,42,0.9044888888888888,0.9294666666666667,0.024977777777777876,0.3088235294117647,0.5
ds_9,M11,S1,2026,0.8946222222222223,0.9343555555555556,0.03973333333333329,0.3088235294117647,0.5
ds_9,M11,S3,13,0.9000888888888888,0.9945555555555555,0.0944666666666667,0.8333333333333333,1.0
ds_9,M11,S3,42,0.9044888888888888,0.992,0.0875111111111112,0.8333333333333333,1.0
ds_9,M11,S3,2026,0.8946222222222223,0.9851333333333333,0.09051111111111099,0.8333333333333333,1.0
ds_9,M11,S5,13,0.9000888888888888,0.9999111111111111,0.09982222222222226,1.0,1.0
ds_9,M11,S5,42,0.9044888888888888,0.9999555555555555,0.0954666666666667,1.0,1.0
ds_9,M11,S5,2026,0.8946222222222223,0.9966,0.10197777777777772,1.0,1.0
