ds,mech,str,model,seed,strategy,auc,oracle_auc,oracle_regret,n_quarantined,n_kept,legit_retention,leakage_recall
ds_0,M01,S3,catboost,42,G1_no_removal,1.0,0.8643317230273753,0.13566827697262474,0,13,1.0,0.0
ds_0,M01,S3,lr,42,G1_no_removal,1.0,0.8969404186795491,0.1030595813204509,0,13,1.0,0.0
ds_0,M01,S3,catboost,42,G2_oracle_remove_all,0.8643317230273753,0.8643317230273753,0.0,1,12,1.0,1.0
ds_0,M01,S3,lr,42,G2_oracle_remove_all,0.8969404186795491,0.8969404186795491,0.0,1,12,1.0,1.0
ds_0,M01,S3,catboost,42,G3_fixed_field_budget,0.6582125603864734,0.8643317230273753,0.2061191626409019,2,11,0.9166666666666666,1.0
ds_0,M01,S3,lr,42,G3_fixed_field_budget,0.6996779388083736,0.8969404186795491,0.1972624798711755,2,11,0.9166666666666666,1.0
ds_0,M01,S3,catboost,42,G5_score_threshold,1.0,0.8643317230273753,0.13566827697262474,0,13,1.0,0.0
ds_0,M01,S3,lr,42,G5_score_threshold,1.0,0.8969404186795491,0.1030595813204509,0,13,1.0,0.0
ds_0,M01,S3,catboost,42,G7_lifecycle_removal,1.0,0.8643317230273753,0.13566827697262474,0,13,1.0,0.0
ds_0,M01,S3,lr,42,G7_lifecycle_removal,1.0,0.8969404186795491,0.1030595813204509,0,13,1.0,0.0
ds_0,M01,S5,catboost,42,G1_no_removal,1.0,0.8643317230273753,0.13566827697262474,0,13,1.0,0.0
ds_0,M01,S5,lr,42,G1_no_removal,1.0,0.8969404186795491,0.1030595813204509,0,13,1.0,0.0
ds_0,M01,S5,catboost,42,G2_oracle_remove_all,0.8643317230273753,0.8643317230273753,0.0,1,12,1.0,1.0
ds_0,M01,S5,lr,42,G2_oracle_remove_all,0.8969404186795491,0.8969404186795491,0.0,1,12,1.0,1.0
ds_0,M01,S5,catboost,42,G3_fixed_field_budget,0.6582125603864734,0.8643317230273753,0.2061191626409019,2,11,0.9166666666666666,1.0
ds_0,M01,S5,lr,42,G3_fixed_field_budget,0.6996779388083736,0.8969404186795491,0.1972624798711755,2,11,0.9166666666666666,1.0
ds_0,M01,S5,catboost,42,G5_score_threshold,1.0,0.8643317230273753,0.13566827697262474,0,13,1.0,0.0
ds_0,M01,S5,lr,42,G5_score_threshold,1.0,0.8969404186795491,0.1030595813204509,0,13,1.0,0.0
ds_0,M01,S5,catboost,42,G7_lifecycle_removal,1.0,0.8643317230273753,0.13566827697262474,0,13,1.0,0.0
ds_0,M01,S5,lr,42,G7_lifecycle_removal,1.0,0.8969404186795491,0.1030595813204509,0,13,1.0,0.0
ds_0,M02,S3,catboost,42,G1_no_removal,1.0,0.8879967884383781,0.11200321156162185,0,13,1.0,0.0
ds_0,M02,S3,lr,42,G1_no_removal,1.0,0.9048574869530309,0.09514251304696908,0,13,1.0,0.0
ds_0,M02,S3,catboost,42,G2_oracle_remove_all,0.8879967884383781,0.8879967884383781,0.0,1,12,1.0,1.0
ds_0,M02,S3,lr,42,G2_oracle_remove_all,0.9048574869530309,0.9048574869530309,0.0,1,12,1.0,1.0
ds_0,M02,S3,catboost,42,G3_fixed_field_budget,0.6864712966680048,0.8879967884383781,0.20152549177037338,2,11,0.9166666666666666,1.0
ds_0,M02,S3,lr,42,G3_fixed_field_budget,0.6599759132878361,0.9048574869530309,0.2448815736651948,2,11,0.9166666666666666,1.0
ds_0,M02,S3,catboost,42,G5_score_threshold,1.0,0.8879967884383781,0.11200321156162185,0,13,1.0,0.0
ds_0,M02,S3,lr,42,G5_score_threshold,1.0,0.9048574869530309,0.09514251304696908,0,13,1.0,0.0
ds_0,M02,S3,catboost,42,G7_lifecycle_removal,1.0,0.8879967884383781,0.11200321156162185,0,13,1.0,0.0
ds_0,M02,S3,lr,42,G7_lifecycle_removal,1.0,0.9048574869530309,0.09514251304696908,0,13,1.0,0.0
ds_0,M02,S5,catboost,42,G1_no_removal,1.0,0.8879967884383781,0.11200321156162185,0,13,1.0,0.0
ds_0,M02,S5,lr,42,G1_no_removal,1.0,0.9048574869530309,0.09514251304696908,0,13,1.0,0.0
ds_0,M02,S5,catboost,42,G2_oracle_remove_all,0.8879967884383781,0.8879967884383781,0.0,1,12,1.0,1.0
ds_0,M02,S5,lr,42,G2_oracle_remove_all,0.9048574869530309,0.9048574869530309,0.0,1,12,1.0,1.0
ds_0,M02,S5,catboost,42,G3_fixed_field_budget,0.6864712966680048,0.8879967884383781,0.20152549177037338,2,11,0.9166666666666666,1.0
ds_0,M02,S5,lr,42,G3_fixed_field_budget,0.6599759132878361,0.9048574869530309,0.2448815736651948,2,11,0.9166666666666666,1.0
ds_0,M02,S5,catboost,42,G5_score_threshold,1.0,0.8879967884383781,0.11200321156162185,0,13,1.0,0.0
ds_0,M02,S5,lr,42,G5_score_threshold,1.0,0.9048574869530309,0.09514251304696908,0,13,1.0,0.0
ds_0,M02,S5,catboost,42,G7_lifecycle_removal,1.0,0.8879967884383781,0.11200321156162185,0,13,1.0,0.0
ds_0,M02,S5,lr,42,G7_lifecycle_removal,1.0,0.9048574869530309,0.09514251304696908,0,13,1.0,0.0
ds_0,M04,S3,catboost,42,G1_no_removal,0.8735447611401045,0.8879967884383781,0.014452027298273662,0,13,1.0,0.0
ds_0,M04,S3,lr,42,G1_no_removal,0.9064632677639503,0.9048574869530309,0.0016057808109193328,0,13,1.0,0.0
ds_0,M04,S3,catboost,42,G2_oracle_remove_all,0.8879967884383781,0.8879967884383781,0.0,1,12,1.0,1.0
ds_0,M04,S3,lr,42,G2_oracle_remove_all,0.9048574869530309,0.9048574869530309,0.0,1,12,1.0,1.0
ds_0,M04,S3,catboost,42,G3_fixed_field_budget,0.516258530710558,0.8879967884383781,0.3717382577278201,2,11,0.8333333333333334,0.0
ds_0,M04,S3,lr,42,G3_fixed_field_budget,0.4632677639502208,0.9048574869530309,0.44158972300281013,2,11,0.8333333333333334,0.0
ds_0,M04,S3,catboost,42,G5_score_threshold,0.8735447611401045,0.8879967884383781,0.014452027298273662,0,13,1.0,0.0
ds_0,M04,S3,lr,42,G5_score_threshold,0.9064632677639503,0.9048574869530309,0.0016057808109193328,0,13,1.0,0.0
ds_0,M04,S3,catboost,42,G7_lifecycle_removal,0.8735447611401045,0.8879967884383781,0.014452027298273662,0,13,1.0,0.0
ds_0,M04,S3,lr,42,G7_lifecycle_removal,0.9064632677639503,0.9048574869530309,0.0016057808109193328,0,13,1.0,0.0
ds_0,M04,S5,catboost,42,G1_no_removal,0.8659173022882376,0.8879967884383781,0.022079486150140548,0,13,1.0,0.0
ds_0,M04,S5,lr,42,G1_no_removal,0.9072661581694098,0.9048574869530309,0.002408671216378888,0,13,1.0,0.0
ds_0,M04,S5,catboost,42,G2_oracle_remove_all,0.8879967884383781,0.8879967884383781,0.0,1,12,1.0,1.0
ds_0,M04,S5,lr,42,G2_oracle_remove_all,0.9048574869530309,0.9048574869530309,0.0,1,12,1.0,1.0
ds_0,M04,S5,catboost,42,G3_fixed_field_budget,0.5796868727418707,0.8879967884383781,0.30830991569650745,2,11,0.8333333333333334,0.0
ds_0,M04,S5,lr,42,G3_fixed_field_budget,0.4712966680048173,0.9048574869530309,0.43356081894821363,2,11,0.8333333333333334,0.0
ds_0,M04,S5,catboost,42,G5_score_threshold,0.8659173022882376,0.8879967884383781,0.022079486150140548,0,13,1.0,0.0
ds_0,M04,S5,lr,42,G5_score_threshold,0.9072661581694098,0.9048574869530309,0.002408671216378888,0,13,1.0,0.0
ds_0,M04,S5,catboost,42,G7_lifecycle_removal,0.8659173022882376,0.8879967884383781,0.022079486150140548,0,13,1.0,0.0
ds_0,M04,S5,lr,42,G7_lifecycle_removal,0.9072661581694098,0.9048574869530309,0.002408671216378888,0,13,1.0,0.0
ds_0,M05,S3,catboost,42,G1_no_removal,0.8920112404656764,0.8879967884383781,0.004014452027298221,0,13,1.0,0.0
ds_0,M05,S3,lr,42,G1_no_removal,0.9040545965475713,0.9048574869530309,0.0008028904054596664,0,13,1.0,0.0
ds_0,M05,S3,catboost,42,G2_oracle_remove_all,0.8879967884383781,0.8879967884383781,0.0,1,12,1.0,1.0
ds_0,M05,S3,lr,42,G2_oracle_remove_all,0.9048574869530309,0.9048574869530309,0.0,1,12,1.0,1.0
ds_0,M05,S3,catboost,42,G3_fixed_field_budget,0.5315134484142914,0.8879967884383781,0.35648334002408677,2,11,0.8333333333333334,0.0
ds_0,M05,S3,lr,42,G3_fixed_field_budget,0.4431955038137294,0.9048574869530309,0.4616619831393015,2,11,0.8333333333333334,0.0
ds_0,M05,S3,catboost,42,G5_score_threshold,0.8920112404656764,0.8879967884383781,0.004014452027298221,0,13,1.0,0.0
ds_0,M05,S3,lr,42,G5_score_threshold,0.9040545965475713,0.9048574869530309,0.0008028904054596664,0,13,1.0,0.0
ds_0,M05,S3,catboost,42,G7_lifecycle_removal,0.8920112404656764,0.8879967884383781,0.004014452027298221,0,13,1.0,0.0
ds_0,M05,S3,lr,42,G7_lifecycle_removal,0.9040545965475713,0.9048574869530309,0.0008028904054596664,0,13,1.0,0.0
ds_0,M05,S5,catboost,42,G1_no_removal,0.8827780008028904,0.8879967884383781,0.005218787635487776,0,13,1.0,0.0
ds_0,M05,S5,lr,42,G1_no_removal,0.9040545965475713,0.9048574869530309,0.0008028904054596664,0,13,1.0,0.0
ds_0,M05,S5,catboost,42,G2_oracle_remove_all,0.8879967884383781,0.8879967884383781,0.0,1,12,1.0,1.0
ds_0,M05,S5,lr,42,G2_oracle_remove_all,0.9048574869530309,0.9048574869530309,0.0,1,12,1.0,1.0
ds_0,M05,S5,catboost,42,G3_fixed_field_budget,0.5132476916900842,0.8879967884383781,0.37474909674829393,2,11,0.8333333333333334,0.0
ds_0,M05,S5,lr,42,G3_fixed_field_budget,0.4443998394219189,0.9048574869530309,0.460457647531112,2,11,0.8333333333333334,0.0
ds_0,M05,S5,catboost,42,G5_score_threshold,0.8827780008028904,0.8879967884383781,0.005218787635487776,0,13,1.0,0.0
ds_0,M05,S5,lr,42,G5_score_threshold,0.9040545965475713,0.9048574869530309,0.0008028904054596664,0,13,1.0,0.0
ds_0,M05,S5,catboost,42,G7_lifecycle_removal,0.8827780008028904,0.8879967884383781,0.005218787635487776,0,13,1.0,0.0
ds_0,M05,S5,lr,42,G7_lifecycle_removal,0.9040545965475713,0.9048574869530309,0.0008028904054596664,0,13,1.0,0.0
ds_0,M06,S3,catboost,42,G1_no_removal,1.0,0.8522727272727273,0.1477272727272727,0,14,1.0,0.0
ds_0,M06,S3,lr,42,G1_no_removal,1.0,0.8567370129870129,0.14326298701298712,0,14,1.0,0.0
ds_0,M06,S3,catboost,42,G2_oracle_remove_all,0.8522727272727273,0.8522727272727273,0.0,2,12,1.0,1.0
ds_0,M06,S3,lr,42,G2_oracle_remove_all,0.8567370129870129,0.8567370129870129,0.0,2,12,1.0,1.0
ds_0,M06,S3,catboost,42,G3_fixed_field_budget,0.8522727272727273,0.8522727272727273,0.0,2,12,1.0,1.0
ds_0,M06,S3,lr,42,G3_fixed_field_budget,0.8567370129870129,0.8567370129870129,0.0,2,12,1.0,1.0
ds_0,M06,S3,catboost,42,G5_score_threshold,1.0,0.8522727272727273,0.1477272727272727,0,14,1.0,0.0
ds_0,M06,S3,lr,42,G5_score_threshold,1.0,0.8567370129870129,0.14326298701298712,0,14,1.0,0.0
ds_0,M06,S3,catboost,42,G7_lifecycle_removal,1.0,0.8522727272727273,0.1477272727272727,0,14,1.0,0.0
ds_0,M06,S3,lr,42,G7_lifecycle_removal,1.0,0.8567370129870129,0.14326298701298712,0,14,1.0,0.0
ds_0,M06,S5,catboost,42,G1_no_removal,1.0,0.8522727272727273,0.1477272727272727,0,14,1.0,0.0
ds_0,M06,S5,lr,42,G1_no_removal,1.0,0.8567370129870129,0.14326298701298712,0,14,1.0,0.0
ds_0,M06,S5,catboost,42,G2_oracle_remove_all,0.8522727272727273,0.8522727272727273,0.0,2,12,1.0,1.0
ds_0,M06,S5,lr,42,G2_oracle_remove_all,0.8567370129870129,0.8567370129870129,0.0,2,12,1.0,1.0
ds_0,M06,S5,catboost,42,G3_fixed_field_budget,0.8522727272727273,0.8522727272727273,0.0,2,12,1.0,1.0
ds_0,M06,S5,lr,42,G3_fixed_field_budget,0.8567370129870129,0.8567370129870129,0.0,2,12,1.0,1.0
ds_0,M06,S5,catboost,42,G5_score_threshold,1.0,0.8522727272727273,0.1477272727272727,0,14,1.0,0.0
ds_0,M06,S5,lr,42,G5_score_threshold,1.0,0.8567370129870129,0.14326298701298712,0,14,1.0,0.0
ds_0,M06,S5,catboost,42,G7_lifecycle_removal,1.0,0.8522727272727273,0.1477272727272727,0,14,1.0,0.0
ds_0,M06,S5,lr,42,G7_lifecycle_removal,1.0,0.8567370129870129,0.14326298701298712,0,14,1.0,0.0
ds_0,M08,S3,catboost,42,G1_no_removal,0.8691476590636255,0.8057222889155663,0.06342537014805916,0,13,1.0,0.0
ds_0,M08,S3,lr,42,G1_no_removal,0.8955582232893158,0.896358543417367,0.0008003201280512018,0,13,1.0,0.0
ds_0,M08,S3,catboost,42,G2_oracle_remove_all,0.8057222889155663,0.8057222889155663,0.0,1,12,1.0,1.0
ds_0,M08,S3,lr,42,G2_oracle_remove_all,0.896358543417367,0.896358543417367,0.0,1,12,1.0,1.0
ds_0,M08,S3,catboost,42,G3_fixed_field_budget,0.4169667867146859,0.8057222889155663,0.3887555022008804,2,11,0.8333333333333334,0.0
ds_0,M08,S3,lr,42,G3_fixed_field_budget,0.47178871548619444,0.896358543417367,0.42456982793117254,2,11,0.8333333333333334,0.0
ds_0,M08,S3,catboost,42,G5_score_threshold,0.8691476590636255,0.8057222889155663,0.06342537014805916,0,13,1.0,0.0
ds_0,M08,S3,lr,42,G5_score_threshold,0.8955582232893158,0.896358543417367,0.0008003201280512018,0,13,1.0,0.0
ds_0,M08,S3,catboost,42,G7_lifecycle_removal,0.8691476590636255,0.8057222889155663,0.06342537014805916,0,13,1.0,0.0
ds_0,M08,S3,lr,42,G7_lifecycle_removal,0.8955582232893158,0.896358543417367,0.0008003201280512018,0,13,1.0,0.0
ds_0,M08,S5,catboost,42,G1_no_removal,0.8667466986794718,0.8057222889155663,0.06102440976390555,0,13,1.0,0.0
ds_0,M08,S5,lr,42,G1_no_removal,0.8919567827130853,0.896358543417367,0.004401760704281665,0,13,1.0,0.0
ds_0,M08,S5,catboost,42,G2_oracle_remove_all,0.8057222889155663,0.8057222889155663,0.0,1,12,1.0,1.0
ds_0,M08,S5,lr,42,G2_oracle_remove_all,0.896358543417367,0.896358543417367,0.0,1,12,1.0,1.0
ds_0,M08,S5,catboost,42,G3_fixed_field_budget,0.45418167266906756,0.8057222889155663,0.35154061624649874,2,11,0.8333333333333334,0.0
ds_0,M08,S5,lr,42,G3_fixed_field_budget,0.4601840736294518,0.896358543417367,0.4361744697879152,2,11,0.8333333333333334,0.0
ds_0,M08,S5,catboost,42,G5_score_threshold,0.8667466986794718,0.8057222889155663,0.06102440976390555,0,13,1.0,0.0
ds_0,M08,S5,lr,42,G5_score_threshold,0.8919567827130853,0.896358543417367,0.004401760704281665,0,13,1.0,0.0
ds_0,M08,S5,catboost,42,G7_lifecycle_removal,0.8667466986794718,0.8057222889155663,0.06102440976390555,0,13,1.0,0.0
ds_0,M08,S5,lr,42,G7_lifecycle_removal,0.8919567827130853,0.896358543417367,0.004401760704281665,0,13,1.0,0.0
ds_0,M11,S3,catboost,42,G1_no_removal,1.0,0.8963688290493677,0.10363117095063235,0,14,1.0,0.0
ds_0,M11,S3,lr,42,G1_no_removal,0.9849041207670338,0.8873929008567931,0.0975112199102407,0,14,1.0,0.0
ds_0,M11,S3,catboost,42,G2_oracle_remove_all,0.8963688290493677,0.8963688290493677,0.0,2,12,1.0,1.0
ds_0,M11,S3,lr,42,G2_oracle_remove_all,0.8873929008567931,0.8873929008567931,0.0,2,12,1.0,1.0
ds_0,M11,S3,catboost,42,G3_fixed_field_budget,0.8963688290493677,0.8963688290493677,0.0,2,12,1.0,1.0
ds_0,M11,S3,lr,42,G3_fixed_field_budget,0.8873929008567931,0.8873929008567931,0.0,2,12,1.0,1.0
ds_0,M11,S3,catboost,42,G5_score_threshold,1.0,0.8963688290493677,0.10363117095063235,0,14,1.0,0.0
ds_0,M11,S3,lr,42,G5_score_threshold,0.9849041207670338,0.8873929008567931,0.0975112199102407,0,14,1.0,0.0
ds_0,M11,S3,catboost,42,G7_lifecycle_removal,1.0,0.8963688290493677,0.10363117095063235,0,14,1.0,0.0
ds_0,M11,S3,lr,42,G7_lifecycle_removal,0.9849041207670338,0.8873929008567931,0.0975112199102407,0,14,1.0,0.0
ds_0,M11,S5,catboost,42,G1_no_removal,1.0,0.8963688290493677,0.10363117095063235,0,14,1.0,0.0
ds_0,M11,S5,lr,42,G1_no_removal,1.0,0.8873929008567931,0.11260709914320688,0,14,1.0,0.0
ds_0,M11,S5,catboost,42,G2_oracle_remove_all,0.8963688290493677,0.8963688290493677,0.0,2,12,1.0,1.0
ds_0,M11,S5,lr,42,G2_oracle_remove_all,0.8873929008567931,0.8873929008567931,0.0,2,12,1.0,1.0
ds_0,M11,S5,catboost,42,G3_fixed_field_budget,0.8963688290493677,0.8963688290493677,0.0,2,12,1.0,1.0
ds_0,M11,S5,lr,42,G3_fixed_field_budget,0.8873929008567931,0.8873929008567931,0.0,2,12,1.0,1.0
ds_0,M11,S5,catboost,42,G5_score_threshold,1.0,0.8963688290493677,0.10363117095063235,0,14,1.0,0.0
ds_0,M11,S5,lr,42,G5_score_threshold,1.0,0.8873929008567931,0.11260709914320688,0,14,1.0,0.0
ds_0,M11,S5,catboost,42,G7_lifecycle_removal,1.0,0.8963688290493677,0.10363117095063235,0,14,1.0,0.0
ds_0,M11,S5,lr,42,G7_lifecycle_removal,1.0,0.8873929008567931,0.11260709914320688,0,14,1.0,0.0
ds_1,M01,S3,catboost,42,G1_no_removal,1.0,0.8351515151515152,0.1648484848484848,0,13,1.0,0.0
ds_1,M01,S3,lr,42,G1_no_removal,1.0,0.8872727272727272,0.11272727272727279,0,13,1.0,0.0
ds_1,M01,S3,catboost,42,G2_oracle_remove_all,0.8351515151515152,0.8351515151515152,0.0,1,12,1.0,1.0
ds_1,M01,S3,lr,42,G2_oracle_remove_all,0.8872727272727272,0.8872727272727272,0.0,1,12,1.0,1.0
ds_1,M01,S3,catboost,42,G3_fixed_field_budget,0.7171717171717171,0.8351515151515152,0.11797979797979807,2,11,0.9166666666666666,1.0
ds_1,M01,S3,lr,42,G3_fixed_field_budget,0.7862626262626262,0.8872727272727272,0.101010101010101,2,11,0.9166666666666666,1.0
ds_1,M01,S3,catboost,42,G5_score_threshold,1.0,0.8351515151515152,0.1648484848484848,0,13,1.0,0.0
ds_1,M01,S3,lr,42,G5_score_threshold,1.0,0.8872727272727272,0.11272727272727279,0,13,1.0,0.0
ds_1,M01,S3,catboost,42,G7_lifecycle_removal,1.0,0.8351515151515152,0.1648484848484848,0,13,1.0,0.0
ds_1,M01,S3,lr,42,G7_lifecycle_removal,1.0,0.8872727272727272,0.11272727272727279,0,13,1.0,0.0
ds_1,M01,S5,catboost,42,G1_no_removal,1.0,0.8351515151515152,0.1648484848484848,0,13,1.0,0.0
ds_1,M01,S5,lr,42,G1_no_removal,1.0,0.8872727272727272,0.11272727272727279,0,13,1.0,0.0
ds_1,M01,S5,catboost,42,G2_oracle_remove_all,0.8351515151515152,0.8351515151515152,0.0,1,12,1.0,1.0
ds_1,M01,S5,lr,42,G2_oracle_remove_all,0.8872727272727272,0.8872727272727272,0.0,1,12,1.0,1.0
ds_1,M01,S5,catboost,42,G3_fixed_field_budget,0.7171717171717171,0.8351515151515152,0.11797979797979807,2,11,0.9166666666666666,1.0
ds_1,M01,S5,lr,42,G3_fixed_field_budget,0.7862626262626262,0.8872727272727272,0.101010101010101,2,11,0.9166666666666666,1.0
ds_1,M01,S5,catboost,42,G5_score_threshold,1.0,0.8351515151515152,0.1648484848484848,0,13,1.0,0.0
ds_1,M01,S5,lr,42,G5_score_threshold,1.0,0.8872727272727272,0.11272727272727279,0,13,1.0,0.0
ds_1,M01,S5,catboost,42,G7_lifecycle_removal,1.0,0.8351515151515152,0.1648484848484848,0,13,1.0,0.0
ds_1,M01,S5,lr,42,G7_lifecycle_removal,1.0,0.8872727272727272,0.11272727272727279,0,13,1.0,0.0
ds_1,M02,S3,catboost,42,G1_no_removal,1.0,0.8932155760738658,0.10678442392613419,0,13,1.0,0.0
ds_1,M02,S3,lr,42,G1_no_removal,0.9995985547972701,0.9032517061421116,0.09634684865515852,0,13,1.0,0.0
ds_1,M02,S3,catboost,42,G2_oracle_remove_all,0.8932155760738658,0.8932155760738658,0.0,1,12,1.0,1.0
ds_1,M02,S3,lr,42,G2_oracle_remove_all,0.9032517061421116,0.9032517061421116,0.0,1,12,1.0,1.0
ds_1,M02,S3,catboost,42,G3_fixed_field_budget,0.6114010437575271,0.8932155760738658,0.2818145323163387,2,11,0.9166666666666666,1.0
ds_1,M02,S3,lr,42,G3_fixed_field_budget,0.6190285026093938,0.9032517061421116,0.2842232035327178,2,11,0.9166666666666666,1.0
ds_1,M02,S3,catboost,42,G5_score_threshold,1.0,0.8932155760738658,0.10678442392613419,0,13,1.0,0.0
ds_1,M02,S3,lr,42,G5_score_threshold,0.9995985547972701,0.9032517061421116,0.09634684865515852,0,13,1.0,0.0
ds_1,M02,S3,catboost,42,G7_lifecycle_removal,1.0,0.8932155760738658,0.10678442392613419,0,13,1.0,0.0
ds_1,M02,S3,lr,42,G7_lifecycle_removal,0.9995985547972701,0.9032517061421116,0.09634684865515852,0,13,1.0,0.0
ds_1,M02,S5,catboost,42,G1_no_removal,1.0,0.8932155760738658,0.10678442392613419,0,13,1.0,0.0
ds_1,M02,S5,lr,42,G1_no_removal,1.0,0.9032517061421116,0.09674829385788841,0,13,1.0,0.0
ds_1,M02,S5,catboost,42,G2_oracle_remove_all,0.8932155760738658,0.8932155760738658,0.0,1,12,1.0,1.0
ds_1,M02,S5,lr,42,G2_oracle_remove_all,0.9032517061421116,0.9032517061421116,0.0,1,12,1.0,1.0
ds_1,M02,S5,catboost,42,G3_fixed_field_budget,0.6114010437575271,0.8932155760738658,0.2818145323163387,2,11,0.9166666666666666,1.0
ds_1,M02,S5,lr,42,G3_fixed_field_budget,0.6190285026093938,0.9032517061421116,0.2842232035327178,2,11,0.9166666666666666,1.0
ds_1,M02,S5,catboost,42,G5_score_threshold,1.0,0.8932155760738658,0.10678442392613419,0,13,1.0,0.0
ds_1,M02,S5,lr,42,G5_score_threshold,1.0,0.9032517061421116,0.09674829385788841,0,13,1.0,0.0
ds_1,M02,S5,catboost,42,G7_lifecycle_removal,1.0,0.8932155760738658,0.10678442392613419,0,13,1.0,0.0
ds_1,M02,S5,lr,42,G7_lifecycle_removal,1.0,0.9032517061421116,0.09674829385788841,0,13,1.0,0.0
ds_1,M04,S3,catboost,42,G1_no_removal,0.8992372541148134,0.8932155760738658,0.0060216780409475534,0,13,1.0,0.0
ds_1,M04,S3,lr,42,G1_no_removal,0.9032517061421116,0.9032517061421116,0.0,0,13,1.0,0.0
ds_1,M04,S3,catboost,42,G2_oracle_remove_all,0.8932155760738658,0.8932155760738658,0.0,1,12,1.0,1.0
ds_1,M04,S3,lr,42,G2_oracle_remove_all,0.9032517061421116,0.9032517061421116,0.0,1,12,1.0,1.0
ds_1,M04,S3,catboost,42,G3_fixed_field_budget,0.5088317944600562,0.8932155760738658,0.3843837816138096,2,11,0.8333333333333334,0.0
ds_1,M04,S3,lr,42,G3_fixed_field_budget,0.46326776395022073,0.9032517061421116,0.43998394219189085,2,11,0.8333333333333334,0.0
ds_1,M04,S3,catboost,42,G5_score_threshold,0.8992372541148134,0.8932155760738658,0.0060216780409475534,0,13,1.0,0.0
ds_1,M04,S3,lr,42,G5_score_threshold,0.9032517061421116,0.9032517061421116,0.0,0,13,1.0,0.0
ds_1,M04,S3,catboost,42,G7_lifecycle_removal,0.8992372541148134,0.8932155760738658,0.0060216780409475534,0,13,1.0,0.0
ds_1,M04,S3,lr,42,G7_lifecycle_removal,0.9032517061421116,0.9032517061421116,0.0,0,13,1.0,0.0
ds_1,M04,S5,catboost,42,G1_no_removal,0.9056603773584906,0.8932155760738658,0.012444801284624774,0,13,1.0,0.0
ds_1,M04,S5,lr,42,G1_no_removal,0.9036531513448415,0.9032517061421116,0.0004014452027298887,0,13,1.0,0.0
ds_1,M04,S5,catboost,42,G2_oracle_remove_all,0.8932155760738658,0.8932155760738658,0.0,1,12,1.0,1.0
ds_1,M04,S5,lr,42,G2_oracle_remove_all,0.9032517061421116,0.9032517061421116,0.0,1,12,1.0,1.0
ds_1,M04,S5,catboost,42,G3_fixed_field_budget,0.5088317944600562,0.8932155760738658,0.3843837816138096,2,11,0.8333333333333334,0.0
ds_1,M04,S5,lr,42,G3_fixed_field_budget,0.4704937775993577,0.9032517061421116,0.4327579285427539,2,11,0.8333333333333334,0.0
ds_1,M04,S5,catboost,42,G5_score_threshold,0.9056603773584906,0.8932155760738658,0.012444801284624774,0,13,1.0,0.0
ds_1,M04,S5,lr,42,G5_score_threshold,0.9036531513448415,0.9032517061421116,0.0004014452027298887,0,13,1.0,0.0
ds_1,M04,S5,catboost,42,G7_lifecycle_removal,0.9056603773584906,0.8932155760738658,0.012444801284624774,0,13,1.0,0.0
ds_1,M04,S5,lr,42,G7_lifecycle_removal,0.9036531513448415,0.9032517061421116,0.0004014452027298887,0,13,1.0,0.0
ds_1,M05,S3,catboost,42,G1_no_removal,0.9032517061421116,0.8932155760738658,0.010036130068245774,0,13,1.0,0.0
ds_1,M05,S3,lr,42,G1_no_removal,0.9028502609393818,0.9032517061421116,0.0004014452027297777,0,13,1.0,0.0
ds_1,M05,S3,catboost,42,G2_oracle_remove_all,0.8932155760738658,0.8932155760738658,0.0,1,12,1.0,1.0
ds_1,M05,S3,lr,42,G2_oracle_remove_all,0.9032517061421116,0.9032517061421116,0.0,1,12,1.0,1.0
ds_1,M05,S3,catboost,42,G3_fixed_field_budget,0.5088317944600562,0.8932155760738658,0.3843837816138096,2,11,0.8333333333333334,0.0
ds_1,M05,S3,lr,42,G3_fixed_field_budget,0.4684865515857085,0.9032517061421116,0.4347651545564031,2,11,0.8333333333333334,0.0
ds_1,M05,S3,catboost,42,G5_score_threshold,0.9032517061421116,0.8932155760738658,0.010036130068245774,0,13,1.0,0.0
ds_1,M05,S3,lr,42,G5_score_threshold,0.9028502609393818,0.9032517061421116,0.0004014452027297777,0,13,1.0,0.0
ds_1,M05,S3,catboost,42,G7_lifecycle_removal,0.9032517061421116,0.8932155760738658,0.010036130068245774,0,13,1.0,0.0
ds_1,M05,S3,lr,42,G7_lifecycle_removal,0.9028502609393818,0.9032517061421116,0.0004014452027297777,0,13,1.0,0.0
ds_1,M05,S5,catboost,42,G1_no_removal,0.9008430349257327,0.8932155760738658,0.007627458851866886,0,13,1.0,0.0
ds_1,M05,S5,lr,42,G1_no_removal,0.9028502609393818,0.9032517061421116,0.0004014452027297777,0,13,1.0,0.0
ds_1,M05,S5,catboost,42,G2_oracle_remove_all,0.8932155760738658,0.8932155760738658,0.0,1,12,1.0,1.0
ds_1,M05,S5,lr,42,G2_oracle_remove_all,0.9032517061421116,0.9032517061421116,0.0,1,12,1.0,1.0
ds_1,M05,S5,catboost,42,G3_fixed_field_budget,0.5088317944600562,0.8932155760738658,0.3843837816138096,2,11,0.8333333333333334,0.0
ds_1,M05,S5,lr,42,G3_fixed_field_budget,0.4684865515857085,0.9032517061421116,0.4347651545564031,2,11,0.8333333333333334,0.0
ds_1,M05,S5,catboost,42,G5_score_threshold,0.9008430349257327,0.8932155760738658,0.007627458851866886,0,13,1.0,0.0
ds_1,M05,S5,lr,42,G5_score_threshold,0.9028502609393818,0.9032517061421116,0.0004014452027297777,0,13,1.0,0.0
ds_1,M05,S5,catboost,42,G7_lifecycle_removal,0.9008430349257327,0.8932155760738658,0.007627458851866886,0,13,1.0,0.0
ds_1,M05,S5,lr,42,G7_lifecycle_removal,0.9028502609393818,0.9032517061421116,0.0004014452027297777,0,13,1.0,0.0
ds_1,M06,S3,catboost,42,G1_no_removal,1.0,0.8654545454545454,0.13454545454545463,0,14,1.0,0.0
ds_1,M06,S3,lr,42,G1_no_removal,1.0,0.8707070707070708,0.12929292929292924,0,14,1.0,0.0
ds_1,M06,S3,catboost,42,G2_oracle_remove_all,0.8654545454545454,0.8654545454545454,0.0,2,12,1.0,1.0
ds_1,M06,S3,lr,42,G2_oracle_remove_all,0.8707070707070708,0.8707070707070708,0.0,2,12,1.0,1.0
ds_1,M06,S3,catboost,42,G3_fixed_field_budget,0.8654545454545454,0.8654545454545454,0.0,2,12,1.0,1.0
ds_1,M06,S3,lr,42,G3_fixed_field_budget,0.8707070707070708,0.8707070707070708,0.0,2,12,1.0,1.0
ds_1,M06,S3,catboost,42,G5_score_threshold,1.0,0.8654545454545454,0.13454545454545463,0,14,1.0,0.0
ds_1,M06,S3,lr,42,G5_score_threshold,1.0,0.8707070707070708,0.12929292929292924,0,14,1.0,0.0
ds_1,M06,S3,catboost,42,G7_lifecycle_removal,1.0,0.8654545454545454,0.13454545454545463,0,14,1.0,0.0
ds_1,M06,S3,lr,42,G7_lifecycle_removal,1.0,0.8707070707070708,0.12929292929292924,0,14,1.0,0.0
ds_1,M06,S5,catboost,42,G1_no_removal,1.0,0.8654545454545454,0.13454545454545463,0,14,1.0,0.0
ds_1,M06,S5,lr,42,G1_no_removal,1.0,0.8707070707070708,0.12929292929292924,0,14,1.0,0.0
ds_1,M06,S5,catboost,42,G2_oracle_remove_all,0.8654545454545454,0.8654545454545454,0.0,2,12,1.0,1.0
ds_1,M06,S5,lr,42,G2_oracle_remove_all,0.8707070707070708,0.8707070707070708,0.0,2,12,1.0,1.0
ds_1,M06,S5,catboost,42,G3_fixed_field_budget,0.8654545454545454,0.8654545454545454,0.0,2,12,1.0,1.0
ds_1,M06,S5,lr,42,G3_fixed_field_budget,0.8707070707070708,0.8707070707070708,0.0,2,12,1.0,1.0
ds_1,M06,S5,catboost,42,G5_score_threshold,1.0,0.8654545454545454,0.13454545454545463,0,14,1.0,0.0
ds_1,M06,S5,lr,42,G5_score_threshold,1.0,0.8707070707070708,0.12929292929292924,0,14,1.0,0.0
ds_1,M06,S5,catboost,42,G7_lifecycle_removal,1.0,0.8654545454545454,0.13454545454545463,0,14,1.0,0.0
ds_1,M06,S5,lr,42,G7_lifecycle_removal,1.0,0.8707070707070708,0.12929292929292924,0,14,1.0,0.0
ds_1,M08,S3,catboost,42,G1_no_removal,0.8953535353535355,0.8763636363636363,0.018989898989899112,0,13,1.0,0.0
ds_1,M08,S3,lr,42,G1_no_removal,0.9022222222222223,0.9022222222222223,0.0,0,13,1.0,0.0
ds_1,M08,S3,catboost,42,G2_oracle_remove_all,0.8763636363636363,0.8763636363636363,0.0,1,12,1.0,1.0
ds_1,M08,S3,lr,42,G2_oracle_remove_all,0.9022222222222223,0.9022222222222223,0.0,1,12,1.0,1.0
ds_1,M08,S3,catboost,42,G3_fixed_field_budget,0.3878787878787879,0.8763636363636363,0.48848484848484847,2,11,0.8333333333333334,0.0
ds_1,M08,S3,lr,42,G3_fixed_field_budget,0.4763636363636363,0.9022222222222223,0.42585858585858594,2,11,0.8333333333333334,0.0
ds_1,M08,S3,catboost,42,G5_score_threshold,0.8953535353535355,0.8763636363636363,0.018989898989899112,0,13,1.0,0.0
ds_1,M08,S3,lr,42,G5_score_threshold,0.9022222222222223,0.9022222222222223,0.0,0,13,1.0,0.0
ds_1,M08,S3,catboost,42,G7_lifecycle_removal,0.8953535353535355,0.8763636363636363,0.018989898989899112,0,13,1.0,0.0
ds_1,M08,S3,lr,42,G7_lifecycle_removal,0.9022222222222223,0.9022222222222223,0.0,0,13,1.0,0.0
ds_1,M08,S5,catboost,42,G1_no_removal,0.9038383838383839,0.8763636363636363,0.02747474747474754,0,13,1.0,0.0
ds_1,M08,S5,lr,42,G1_no_removal,0.9022222222222223,0.9022222222222223,0.0,0,13,1.0,0.0
ds_1,M08,S5,catboost,42,G2_oracle_remove_all,0.8763636363636363,0.8763636363636363,0.0,1,12,1.0,1.0
ds_1,M08,S5,lr,42,G2_oracle_remove_all,0.9022222222222223,0.9022222222222223,0.0,1,12,1.0,1.0
ds_1,M08,S5,catboost,42,G3_fixed_field_budget,0.41171717171717165,0.8763636363636363,0.4646464646464647,2,11,0.8333333333333334,0.0
ds_1,M08,S5,lr,42,G3_fixed_field_budget,0.47151515151515155,0.9022222222222223,0.4307070707070707,2,11,0.8333333333333334,0.0
ds_1,M08,S5,catboost,42,G5_score_threshold,0.9038383838383839,0.8763636363636363,0.02747474747474754,0,13,1.0,0.0
ds_1,M08,S5,lr,42,G5_score_threshold,0.9022222222222223,0.9022222222222223,0.0,0,13,1.0,0.0
ds_1,M08,S5,catboost,42,G7_lifecycle_removal,0.9038383838383839,0.8763636363636363,0.02747474747474754,0,13,1.0,0.0
ds_1,M08,S5,lr,42,G7_lifecycle_removal,0.9022222222222223,0.9022222222222223,0.0,0,13,1.0,0.0
ds_1,M11,S3,catboost,42,G1_no_removal,1.0,0.8486201298701299,0.1513798701298701,0,14,1.0,0.0
ds_1,M11,S3,lr,42,G1_no_removal,0.9541396103896104,0.8530844155844156,0.10105519480519476,0,14,1.0,0.0
ds_1,M11,S3,catboost,42,G2_oracle_remove_all,0.8486201298701299,0.8486201298701299,0.0,2,12,1.0,1.0
ds_1,M11,S3,lr,42,G2_oracle_remove_all,0.8530844155844156,0.8530844155844156,0.0,2,12,1.0,1.0
ds_1,M11,S3,catboost,42,G3_fixed_field_budget,0.8388798701298701,0.8486201298701299,0.009740259740259827,2,12,0.9166666666666666,0.5
ds_1,M11,S3,lr,42,G3_fixed_field_budget,0.7792207792207791,0.8530844155844156,0.07386363636363646,2,12,0.9166666666666666,0.5
ds_1,M11,S3,catboost,42,G5_score_threshold,1.0,0.8486201298701299,0.1513798701298701,0,14,1.0,0.0
ds_1,M11,S3,lr,42,G5_score_threshold,0.9541396103896104,0.8530844155844156,0.10105519480519476,0,14,1.0,0.0
ds_1,M11,S3,catboost,42,G7_lifecycle_removal,1.0,0.8486201298701299,0.1513798701298701,0,14,1.0,0.0
ds_1,M11,S3,lr,42,G7_lifecycle_removal,0.9541396103896104,0.8530844155844156,0.10105519480519476,0,14,1.0,0.0
ds_1,M11,S5,catboost,42,G1_no_removal,0.9979707792207791,0.8486201298701299,0.14935064935064923,0,14,1.0,0.0
ds_1,M11,S5,lr,42,G1_no_removal,0.9979707792207793,0.8530844155844156,0.14488636363636365,0,14,1.0,0.0
ds_1,M11,S5,catboost,42,G2_oracle_remove_all,0.8486201298701299,0.8486201298701299,0.0,2,12,1.0,1.0
ds_1,M11,S5,lr,42,G2_oracle_remove_all,0.8530844155844156,0.8530844155844156,0.0,2,12,1.0,1.0
ds_1,M11,S5,catboost,42,G3_fixed_field_budget,0.8486201298701299,0.8486201298701299,0.0,2,12,1.0,1.0
ds_1,M11,S5,lr,42,G3_fixed_field_budget,0.8530844155844156,0.8530844155844156,0.0,2,12,1.0,1.0
ds_1,M11,S5,catboost,42,G5_score_threshold,0.9979707792207791,0.8486201298701299,0.14935064935064923,0,14,1.0,0.0
ds_1,M11,S5,lr,42,G5_score_threshold,0.9979707792207793,0.8530844155844156,0.14488636363636365,0,14,1.0,0.0
ds_1,M11,S5,catboost,42,G7_lifecycle_removal,0.9979707792207791,0.8486201298701299,0.14935064935064923,0,14,1.0,0.0
ds_1,M11,S5,lr,42,G7_lifecycle_removal,0.9979707792207793,0.8530844155844156,0.14488636363636365,0,14,1.0,0.0
ds_2,M01,S3,catboost,42,G1_no_removal,1.0,0.8229166666666666,0.17708333333333337,0,13,1.0,0.0
ds_2,M01,S3,lr,42,G1_no_removal,1.0,0.8565705128205128,0.14342948717948723,0,13,1.0,0.0
ds_2,M01,S3,catboost,42,G2_oracle_remove_all,0.8229166666666666,0.8229166666666666,0.0,1,12,1.0,1.0
ds_2,M01,S3,lr,42,G2_oracle_remove_all,0.8565705128205128,0.8565705128205128,0.0,1,12,1.0,1.0
ds_2,M01,S3,catboost,42,G3_fixed_field_budget,0.6598557692307693,0.8229166666666666,0.16306089743589736,2,11,0.9166666666666666,1.0
ds_2,M01,S3,lr,42,G3_fixed_field_budget,0.6298076923076924,0.8565705128205128,0.22676282051282037,2,11,0.9166666666666666,1.0
ds_2,M01,S3,catboost,42,G5_score_threshold,1.0,0.8229166666666666,0.17708333333333337,0,13,1.0,0.0
ds_2,M01,S3,lr,42,G5_score_threshold,1.0,0.8565705128205128,0.14342948717948723,0,13,1.0,0.0
ds_2,M01,S3,catboost,42,G7_lifecycle_removal,1.0,0.8229166666666666,0.17708333333333337,0,13,1.0,0.0
ds_2,M01,S3,lr,42,G7_lifecycle_removal,1.0,0.8565705128205128,0.14342948717948723,0,13,1.0,0.0
ds_2,M01,S5,catboost,42,G1_no_removal,1.0,0.8229166666666666,0.17708333333333337,0,13,1.0,0.0
ds_2,M01,S5,lr,42,G1_no_removal,1.0,0.8565705128205128,0.14342948717948723,0,13,1.0,0.0
ds_2,M01,S5,catboost,42,G2_oracle_remove_all,0.8229166666666666,0.8229166666666666,0.0,1,12,1.0,1.0
ds_2,M01,S5,lr,42,G2_oracle_remove_all,0.8565705128205128,0.8565705128205128,0.0,1,12,1.0,1.0
ds_2,M01,S5,catboost,42,G3_fixed_field_budget,0.6598557692307693,0.8229166666666666,0.16306089743589736,2,11,0.9166666666666666,1.0
ds_2,M01,S5,lr,42,G3_fixed_field_budget,0.6298076923076924,0.8565705128205128,0.22676282051282037,2,11,0.9166666666666666,1.0
ds_2,M01,S5,catboost,42,G5_score_threshold,1.0,0.8229166666666666,0.17708333333333337,0,13,1.0,0.0
ds_2,M01,S5,lr,42,G5_score_threshold,1.0,0.8565705128205128,0.14342948717948723,0,13,1.0,0.0
ds_2,M01,S5,catboost,42,G7_lifecycle_removal,1.0,0.8229166666666666,0.17708333333333337,0,13,1.0,0.0
ds_2,M01,S5,lr,42,G7_lifecycle_removal,1.0,0.8565705128205128,0.14342948717948723,0,13,1.0,0.0
ds_2,M02,S3,catboost,42,G1_no_removal,1.0,0.9083633453381352,0.09163665466186477,0,13,1.0,0.0
ds_2,M02,S3,lr,42,G1_no_removal,1.0,0.9347739095638256,0.06522609043617444,0,13,1.0,0.0
ds_2,M02,S3,catboost,42,G2_oracle_remove_all,0.9083633453381352,0.9083633453381352,0.0,1,12,1.0,1.0
ds_2,M02,S3,lr,42,G2_oracle_remove_all,0.9347739095638256,0.9347739095638256,0.0,1,12,1.0,1.0
ds_2,M02,S3,catboost,42,G3_fixed_field_budget,0.699079631852741,0.9083633453381352,0.2092837134853942,2,11,0.9166666666666666,1.0
ds_2,M02,S3,lr,42,G3_fixed_field_budget,0.7126850740296119,0.9347739095638256,0.22208883553421366,2,11,0.9166666666666666,1.0
ds_2,M02,S3,catboost,42,G5_score_threshold,1.0,0.9083633453381352,0.09163665466186477,0,13,1.0,0.0
ds_2,M02,S3,lr,42,G5_score_threshold,1.0,0.9347739095638256,0.06522609043617444,0,13,1.0,0.0
ds_2,M02,S3,catboost,42,G7_lifecycle_removal,1.0,0.9083633453381352,0.09163665466186477,0,13,1.0,0.0
ds_2,M02,S3,lr,42,G7_lifecycle_removal,1.0,0.9347739095638256,0.06522609043617444,0,13,1.0,0.0
ds_2,M02,S5,catboost,42,G1_no_removal,1.0,0.9083633453381352,0.09163665466186477,0,13,1.0,0.0
ds_2,M02,S5,lr,42,G1_no_removal,1.0,0.9347739095638256,0.06522609043617444,0,13,1.0,0.0
ds_2,M02,S5,catboost,42,G2_oracle_remove_all,0.9083633453381352,0.9083633453381352,0.0,1,12,1.0,1.0
ds_2,M02,S5,lr,42,G2_oracle_remove_all,0.9347739095638256,0.9347739095638256,0.0,1,12,1.0,1.0
ds_2,M02,S5,catboost,42,G3_fixed_field_budget,0.699079631852741,0.9083633453381352,0.2092837134853942,2,11,0.9166666666666666,1.0
ds_2,M02,S5,lr,42,G3_fixed_field_budget,0.7126850740296119,0.9347739095638256,0.22208883553421366,2,11,0.9166666666666666,1.0
ds_2,M02,S5,catboost,42,G5_score_threshold,1.0,0.9083633453381352,0.09163665466186477,0,13,1.0,0.0
ds_2,M02,S5,lr,42,G5_score_threshold,1.0,0.9347739095638256,0.06522609043617444,0,13,1.0,0.0
ds_2,M02,S5,catboost,42,G7_lifecycle_removal,1.0,0.9083633453381352,0.09163665466186477,0,13,1.0,0.0
ds_2,M02,S5,lr,42,G7_lifecycle_removal,1.0,0.9347739095638256,0.06522609043617444,0,13,1.0,0.0
ds_2,M04,S3,catboost,42,G1_no_removal,0.9299719887955182,0.9083633453381352,0.021608643457383003,0,13,1.0,0.0
ds_2,M04,S3,lr,42,G1_no_removal,0.9347739095638256,0.9347739095638256,0.0,0,13,1.0,0.0
ds_2,M04,S3,catboost,42,G2_oracle_remove_all,0.9083633453381352,0.9083633453381352,0.0,1,12,1.0,1.0
ds_2,M04,S3,lr,42,G2_oracle_remove_all,0.9347739095638256,0.9347739095638256,0.0,1,12,1.0,1.0
ds_2,M04,S3,catboost,42,G3_fixed_field_budget,0.6278511404561825,0.9083633453381352,0.2805122048819527,2,11,0.8333333333333334,0.0
ds_2,M04,S3,lr,42,G3_fixed_field_budget,0.7230892356942776,0.9347739095638256,0.21168467386954792,2,11,0.8333333333333334,0.0
ds_2,M04,S3,catboost,42,G5_score_threshold,0.9299719887955182,0.9083633453381352,0.021608643457383003,0,13,1.0,0.0
ds_2,M04,S3,lr,42,G5_score_threshold,0.9347739095638256,0.9347739095638256,0.0,0,13,1.0,0.0
ds_2,M04,S3,catboost,42,G7_lifecycle_removal,0.9299719887955182,0.9083633453381352,0.021608643457383003,0,13,1.0,0.0
ds_2,M04,S3,lr,42,G7_lifecycle_removal,0.9347739095638256,0.9347739095638256,0.0,0,13,1.0,0.0
ds_2,M04,S5,catboost,42,G1_no_removal,0.9347739095638254,0.9083633453381352,0.026410564225690214,0,13,1.0,0.0
ds_2,M04,S5,lr,42,G1_no_removal,0.9343737494998,0.9347739095638256,0.0004001600640255454,0,13,1.0,0.0
ds_2,M04,S5,catboost,42,G2_oracle_remove_all,0.9083633453381352,0.9083633453381352,0.0,1,12,1.0,1.0
ds_2,M04,S5,lr,42,G2_oracle_remove_all,0.9347739095638256,0.9347739095638256,0.0,1,12,1.0,1.0
ds_2,M04,S5,catboost,42,G3_fixed_field_budget,0.7098839535814325,0.9083633453381352,0.1984793917567027,2,11,0.8333333333333334,0.0
ds_2,M04,S5,lr,42,G3_fixed_field_budget,0.723889555822329,0.9347739095638256,0.2108843537414966,2,11,0.8333333333333334,0.0
ds_2,M04,S5,catboost,42,G5_score_threshold,0.9347739095638254,0.9083633453381352,0.026410564225690214,0,13,1.0,0.0
ds_2,M04,S5,lr,42,G5_score_threshold,0.9343737494998,0.9347739095638256,0.0004001600640255454,0,13,1.0,0.0
ds_2,M04,S5,catboost,42,G7_lifecycle_removal,0.9347739095638254,0.9083633453381352,0.026410564225690214,0,13,1.0,0.0
ds_2,M04,S5,lr,42,G7_lifecycle_removal,0.9343737494998,0.9347739095638256,0.0004001600640255454,0,13,1.0,0.0
ds_2,M05,S3,catboost,42,G1_no_removal,0.9251700680272109,0.9083633453381352,0.01680672268907568,0,13,1.0,0.0
ds_2,M05,S3,lr,42,G1_no_removal,0.9351740696278511,0.9347739095638256,0.0004001600640255454,0,13,1.0,0.0
ds_2,M05,S3,catboost,42,G2_oracle_remove_all,0.9083633453381352,0.9083633453381352,0.0,1,12,1.0,1.0
ds_2,M05,S3,lr,42,G2_oracle_remove_all,0.9347739095638256,0.9347739095638256,0.0,1,12,1.0,1.0
ds_2,M05,S3,catboost,42,G3_fixed_field_budget,0.5724289715886354,0.9083633453381352,0.33593437374949986,2,11,0.8333333333333334,0.0
ds_2,M05,S3,lr,42,G3_fixed_field_budget,0.7218887555022008,0.9347739095638256,0.21288515406162478,2,11,0.8333333333333334,0.0
ds_2,M05,S3,catboost,42,G5_score_threshold,0.9251700680272109,0.9083633453381352,0.01680672268907568,0,13,1.0,0.0
ds_2,M05,S3,lr,42,G5_score_threshold,0.9351740696278511,0.9347739095638256,0.0004001600640255454,0,13,1.0,0.0
ds_2,M05,S3,catboost,42,G7_lifecycle_removal,0.9251700680272109,0.9083633453381352,0.01680672268907568,0,13,1.0,0.0
ds_2,M05,S3,lr,42,G7_lifecycle_removal,0.9351740696278511,0.9347739095638256,0.0004001600640255454,0,13,1.0,0.0
ds_2,M05,S5,catboost,42,G1_no_removal,0.9255702280912365,0.9083633453381352,0.017206882753101227,0,13,1.0,0.0
ds_2,M05,S5,lr,42,G1_no_removal,0.936374549819928,0.9347739095638256,0.0016006402561024036,0,13,1.0,0.0
ds_2,M05,S5,catboost,42,G2_oracle_remove_all,0.9083633453381352,0.9083633453381352,0.0,1,12,1.0,1.0
ds_2,M05,S5,lr,42,G2_oracle_remove_all,0.9347739095638256,0.9347739095638256,0.0,1,12,1.0,1.0
ds_2,M05,S5,catboost,42,G3_fixed_field_budget,0.5942376950780311,0.9083633453381352,0.3141256502601041,2,11,0.8333333333333334,0.0
ds_2,M05,S5,lr,42,G3_fixed_field_budget,0.7210884353741496,0.9347739095638256,0.21368547418967598,2,11,0.8333333333333334,0.0
ds_2,M05,S5,catboost,42,G5_score_threshold,0.9255702280912365,0.9083633453381352,0.017206882753101227,0,13,1.0,0.0
ds_2,M05,S5,lr,42,G5_score_threshold,0.936374549819928,0.9347739095638256,0.0016006402561024036,0,13,1.0,0.0
ds_2,M05,S5,catboost,42,G7_lifecycle_removal,0.9255702280912365,0.9083633453381352,0.017206882753101227,0,13,1.0,0.0
ds_2,M05,S5,lr,42,G7_lifecycle_removal,0.936374549819928,0.9347739095638256,0.0016006402561024036,0,13,1.0,0.0
ds_2,M06,S3,catboost,42,G1_no_removal,1.0,0.8739495798319328,0.12605042016806722,0,14,1.0,0.0
ds_2,M06,S3,lr,42,G1_no_removal,1.0,0.8763505402160865,0.1236494597839135,0,14,1.0,0.0
ds_2,M06,S3,catboost,42,G2_oracle_remove_all,0.8739495798319328,0.8739495798319328,0.0,2,12,1.0,1.0
ds_2,M06,S3,lr,42,G2_oracle_remove_all,0.8763505402160865,0.8763505402160865,0.0,2,12,1.0,1.0
ds_2,M06,S3,catboost,42,G3_fixed_field_budget,0.8739495798319328,0.8739495798319328,0.0,2,12,1.0,1.0
ds_2,M06,S3,lr,42,G3_fixed_field_budget,0.8763505402160865,0.8763505402160865,0.0,2,12,1.0,1.0
ds_2,M06,S3,catboost,42,G5_score_threshold,1.0,0.8739495798319328,0.12605042016806722,0,14,1.0,0.0
ds_2,M06,S3,lr,42,G5_score_threshold,1.0,0.8763505402160865,0.1236494597839135,0,14,1.0,0.0
ds_2,M06,S3,catboost,42,G7_lifecycle_removal,1.0,0.8739495798319328,0.12605042016806722,0,14,1.0,0.0
ds_2,M06,S3,lr,42,G7_lifecycle_removal,1.0,0.8763505402160865,0.1236494597839135,0,14,1.0,0.0
ds_2,M06,S5,catboost,42,G1_no_removal,1.0,0.8739495798319328,0.12605042016806722,0,14,1.0,0.0
ds_2,M06,S5,lr,42,G1_no_removal,1.0,0.8763505402160865,0.1236494597839135,0,14,1.0,0.0
ds_2,M06,S5,catboost,42,G2_oracle_remove_all,0.8739495798319328,0.8739495798319328,0.0,2,12,1.0,1.0
ds_2,M06,S5,lr,42,G2_oracle_remove_all,0.8763505402160865,0.8763505402160865,0.0,2,12,1.0,1.0
ds_2,M06,S5,catboost,42,G3_fixed_field_budget,0.8739495798319328,0.8739495798319328,0.0,2,12,1.0,1.0
ds_2,M06,S5,lr,42,G3_fixed_field_budget,0.8763505402160865,0.8763505402160865,0.0,2,12,1.0,1.0
ds_2,M06,S5,catboost,42,G5_score_threshold,1.0,0.8739495798319328,0.12605042016806722,0,14,1.0,0.0
ds_2,M06,S5,lr,42,G5_score_threshold,1.0,0.8763505402160865,0.1236494597839135,0,14,1.0,0.0
ds_2,M06,S5,catboost,42,G7_lifecycle_removal,1.0,0.8739495798319328,0.12605042016806722,0,14,1.0,0.0
ds_2,M06,S5,lr,42,G7_lifecycle_removal,1.0,0.8763505402160865,0.1236494597839135,0,14,1.0,0.0
ds_2,M08,S3,catboost,42,G1_no_removal,0.9358974358974359,0.9298878205128205,0.006009615384615419,0,13,1.0,0.0
ds_2,M08,S3,lr,42,G1_no_removal,0.9375,0.9375,0.0,0,13,1.0,0.0
ds_2,M08,S3,catboost,42,G2_oracle_remove_all,0.9298878205128205,0.9298878205128205,0.0,1,12,1.0,1.0
ds_2,M08,S3,lr,42,G2_oracle_remove_all,0.9375,0.9375,0.0,1,12,1.0,1.0
ds_2,M08,S3,catboost,42,G3_fixed_field_budget,0.672275641025641,0.9298878205128205,0.2576121794871795,2,11,0.8333333333333334,0.0
ds_2,M08,S3,lr,42,G3_fixed_field_budget,0.7107371794871794,0.9375,0.2267628205128206,2,11,0.8333333333333334,0.0
ds_2,M08,S3,catboost,42,G5_score_threshold,0.9358974358974359,0.9298878205128205,0.006009615384615419,0,13,1.0,0.0
ds_2,M08,S3,lr,42,G5_score_threshold,0.9375,0.9375,0.0,0,13,1.0,0.0
ds_2,M08,S3,catboost,42,G7_lifecycle_removal,0.9358974358974359,0.9298878205128205,0.006009615384615419,0,13,1.0,0.0
ds_2,M08,S3,lr,42,G7_lifecycle_removal,0.9375,0.9375,0.0,0,13,1.0,0.0
ds_2,M08,S5,catboost,42,G1_no_removal,0.9282852564102564,0.9298878205128205,0.0016025641025640969,0,13,1.0,0.0
ds_2,M08,S5,lr,42,G1_no_removal,0.936298076923077,0.9375,0.0012019230769230171,0,13,1.0,0.0
ds_2,M08,S5,catboost,42,G2_oracle_remove_all,0.9298878205128205,0.9298878205128205,0.0,1,12,1.0,1.0
ds_2,M08,S5,lr,42,G2_oracle_remove_all,0.9375,0.9375,0.0,1,12,1.0,1.0
ds_2,M08,S5,catboost,42,G3_fixed_field_budget,0.6672676282051282,0.9298878205128205,0.2626201923076923,2,11,0.9166666666666666,1.0
ds_2,M08,S5,lr,42,G3_fixed_field_budget,0.7047275641025641,0.9375,0.2327724358974359,2,11,0.9166666666666666,1.0
ds_2,M08,S5,catboost,42,G5_score_threshold,0.9282852564102564,0.9298878205128205,0.0016025641025640969,0,13,1.0,0.0
ds_2,M08,S5,lr,42,G5_score_threshold,0.936298076923077,0.9375,0.0012019230769230171,0,13,1.0,0.0
ds_2,M08,S5,catboost,42,G7_lifecycle_removal,0.9282852564102564,0.9298878205128205,0.0016025641025640969,0,13,1.0,0.0
ds_2,M08,S5,lr,42,G7_lifecycle_removal,0.936298076923077,0.9375,0.0012019230769230171,0,13,1.0,0.0
ds_2,M11,S3,catboost,42,G1_no_removal,1.0,0.8613782051282052,0.13862179487179482,0,14,1.0,0.0
ds_2,M11,S3,lr,42,G1_no_removal,0.9803685897435898,0.8858173076923077,0.09455128205128205,0,14,1.0,0.0
ds_2,M11,S3,catboost,42,G2_oracle_remove_all,0.8613782051282052,0.8613782051282052,0.0,2,12,1.0,1.0
ds_2,M11,S3,lr,42,G2_oracle_remove_all,0.8858173076923077,0.8858173076923077,0.0,2,12,1.0,1.0
ds_2,M11,S3,catboost,42,G3_fixed_field_budget,0.8613782051282052,0.8613782051282052,0.0,2,12,1.0,1.0
ds_2,M11,S3,lr,42,G3_fixed_field_budget,0.8858173076923077,0.8858173076923077,0.0,2,12,1.0,1.0
ds_2,M11,S3,catboost,42,G5_score_threshold,1.0,0.8613782051282052,0.13862179487179482,0,14,1.0,0.0
ds_2,M11,S3,lr,42,G5_score_threshold,0.9803685897435898,0.8858173076923077,0.09455128205128205,0,14,1.0,0.0
ds_2,M11,S3,catboost,42,G7_lifecycle_removal,1.0,0.8613782051282052,0.13862179487179482,0,14,1.0,0.0
ds_2,M11,S3,lr,42,G7_lifecycle_removal,0.9803685897435898,0.8858173076923077,0.09455128205128205,0,14,1.0,0.0
ds_2,M11,S5,catboost,42,G1_no_removal,1.0,0.8613782051282052,0.13862179487179482,0,14,1.0,0.0
ds_2,M11,S5,lr,42,G1_no_removal,1.0,0.8858173076923077,0.11418269230769229,0,14,1.0,0.0
ds_2,M11,S5,catboost,42,G2_oracle_remove_all,0.8613782051282052,0.8613782051282052,0.0,2,12,1.0,1.0
ds_2,M11,S5,lr,42,G2_oracle_remove_all,0.8858173076923077,0.8858173076923077,0.0,2,12,1.0,1.0
ds_2,M11,S5,catboost,42,G3_fixed_field_budget,0.8613782051282052,0.8613782051282052,0.0,2,12,1.0,1.0
ds_2,M11,S5,lr,42,G3_fixed_field_budget,0.8858173076923077,0.8858173076923077,0.0,2,12,1.0,1.0
ds_2,M11,S5,catboost,42,G5_score_threshold,1.0,0.8613782051282052,0.13862179487179482,0,14,1.0,0.0
ds_2,M11,S5,lr,42,G5_score_threshold,1.0,0.8858173076923077,0.11418269230769229,0,14,1.0,0.0
ds_2,M11,S5,catboost,42,G7_lifecycle_removal,1.0,0.8613782051282052,0.13862179487179482,0,14,1.0,0.0
ds_2,M11,S5,lr,42,G7_lifecycle_removal,1.0,0.8858173076923077,0.11418269230769229,0,14,1.0,0.0
ds_3,M01,S3,catboost,42,G1_no_removal,1.0,0.874198717948718,0.12580128205128205,0,13,1.0,0.0
ds_3,M01,S3,lr,42,G1_no_removal,0.9979967948717948,0.8657852564102564,0.13221153846153844,0,13,1.0,0.0
ds_3,M01,S3,catboost,42,G2_oracle_remove_all,0.874198717948718,0.874198717948718,0.0,1,12,1.0,1.0
ds_3,M01,S3,lr,42,G2_oracle_remove_all,0.8657852564102564,0.8657852564102564,0.0,1,12,1.0,1.0
ds_3,M01,S3,catboost,42,G3_fixed_field_budget,0.6967147435897436,0.874198717948718,0.17748397435897434,2,11,0.9166666666666666,1.0
ds_3,M01,S3,lr,42,G3_fixed_field_budget,0.6314102564102565,0.8657852564102564,0.2343749999999999,2,11,0.9166666666666666,1.0
ds_3,M01,S3,catboost,42,G5_score_threshold,1.0,0.874198717948718,0.12580128205128205,0,13,1.0,0.0
ds_3,M01,S3,lr,42,G5_score_threshold,0.9979967948717948,0.8657852564102564,0.13221153846153844,0,13,1.0,0.0
ds_3,M01,S3,catboost,42,G7_lifecycle_removal,1.0,0.874198717948718,0.12580128205128205,0,13,1.0,0.0
ds_3,M01,S3,lr,42,G7_lifecycle_removal,0.9979967948717948,0.8657852564102564,0.13221153846153844,0,13,1.0,0.0
ds_3,M01,S5,catboost,42,G1_no_removal,1.0,0.874198717948718,0.12580128205128205,0,13,1.0,0.0
ds_3,M01,S5,lr,42,G1_no_removal,1.0,0.8657852564102564,0.1342147435897436,0,13,1.0,0.0
ds_3,M01,S5,catboost,42,G2_oracle_remove_all,0.874198717948718,0.874198717948718,0.0,1,12,1.0,1.0
ds_3,M01,S5,lr,42,G2_oracle_remove_all,0.8657852564102564,0.8657852564102564,0.0,1,12,1.0,1.0
ds_3,M01,S5,catboost,42,G3_fixed_field_budget,0.6967147435897436,0.874198717948718,0.17748397435897434,2,11,0.9166666666666666,1.0
ds_3,M01,S5,lr,42,G3_fixed_field_budget,0.6314102564102565,0.8657852564102564,0.2343749999999999,2,11,0.9166666666666666,1.0
ds_3,M01,S5,catboost,42,G5_score_threshold,1.0,0.874198717948718,0.12580128205128205,0,13,1.0,0.0
ds_3,M01,S5,lr,42,G5_score_threshold,1.0,0.8657852564102564,0.1342147435897436,0,13,1.0,0.0
ds_3,M01,S5,catboost,42,G7_lifecycle_removal,1.0,0.874198717948718,0.12580128205128205,0,13,1.0,0.0
ds_3,M01,S5,lr,42,G7_lifecycle_removal,1.0,0.8657852564102564,0.1342147435897436,0,13,1.0,0.0
ds_3,M02,S3,catboost,42,G1_no_removal,1.0,0.856682769726248,0.14331723027375198,0,13,1.0,0.0
ds_3,M02,S3,lr,42,G1_no_removal,1.0,0.9021739130434783,0.09782608695652173,0,13,1.0,0.0
ds_3,M02,S3,catboost,42,G2_oracle_remove_all,0.856682769726248,0.856682769726248,0.0,1,12,1.0,1.0
ds_3,M02,S3,lr,42,G2_oracle_remove_all,0.9021739130434783,0.9021739130434783,0.0,1,12,1.0,1.0
ds_3,M02,S3,catboost,42,G3_fixed_field_budget,0.6646537842190016,0.856682769726248,0.19202898550724645,2,11,0.9166666666666666,1.0
ds_3,M02,S3,lr,42,G3_fixed_field_budget,0.6553945249597424,0.9021739130434783,0.2467793880837359,2,11,0.9166666666666666,1.0
ds_3,M02,S3,catboost,42,G5_score_threshold,1.0,0.856682769726248,0.14331723027375198,0,13,1.0,0.0
ds_3,M02,S3,lr,42,G5_score_threshold,1.0,0.9021739130434783,0.09782608695652173,0,13,1.0,0.0
ds_3,M02,S3,catboost,42,G7_lifecycle_removal,1.0,0.856682769726248,0.14331723027375198,0,13,1.0,0.0
ds_3,M02,S3,lr,42,G7_lifecycle_removal,1.0,0.9021739130434783,0.09782608695652173,0,13,1.0,0.0
ds_3,M02,S5,catboost,42,G1_no_removal,1.0,0.856682769726248,0.14331723027375198,0,13,1.0,0.0
ds_3,M02,S5,lr,42,G1_no_removal,1.0,0.9021739130434783,0.09782608695652173,0,13,1.0,0.0
ds_3,M02,S5,catboost,42,G2_oracle_remove_all,0.856682769726248,0.856682769726248,0.0,1,12,1.0,1.0
ds_3,M02,S5,lr,42,G2_oracle_remove_all,0.9021739130434783,0.9021739130434783,0.0,1,12,1.0,1.0
ds_3,M02,S5,catboost,42,G3_fixed_field_budget,0.6646537842190016,0.856682769726248,0.19202898550724645,2,11,0.9166666666666666,1.0
ds_3,M02,S5,lr,42,G3_fixed_field_budget,0.6553945249597424,0.9021739130434783,0.2467793880837359,2,11,0.9166666666666666,1.0
ds_3,M02,S5,catboost,42,G5_score_threshold,1.0,0.856682769726248,0.14331723027375198,0,13,1.0,0.0
ds_3,M02,S5,lr,42,G5_score_threshold,1.0,0.9021739130434783,0.09782608695652173,0,13,1.0,0.0
ds_3,M02,S5,catboost,42,G7_lifecycle_removal,1.0,0.856682769726248,0.14331723027375198,0,13,1.0,0.0
ds_3,M02,S5,lr,42,G7_lifecycle_removal,1.0,0.9021739130434783,0.09782608695652173,0,13,1.0,0.0
ds_3,M04,S3,catboost,42,G1_no_removal,0.8631239935587761,0.856682769726248,0.006441223832528098,0,13,1.0,0.0
ds_3,M04,S3,lr,42,G1_no_removal,0.9021739130434783,0.9021739130434783,0.0,0,13,1.0,0.0
ds_3,M04,S3,catboost,42,G2_oracle_remove_all,0.856682769726248,0.856682769726248,0.0,1,12,1.0,1.0
ds_3,M04,S3,lr,42,G2_oracle_remove_all,0.9021739130434783,0.9021739130434783,0.0,1,12,1.0,1.0
ds_3,M04,S3,catboost,42,G3_fixed_field_budget,0.5265700483091788,0.856682769726248,0.33011272141706927,2,11,0.8333333333333334,0.0
ds_3,M04,S3,lr,42,G3_fixed_field_budget,0.46779388083735907,0.9021739130434783,0.4343800322061192,2,11,0.8333333333333334,0.0
ds_3,M04,S3,catboost,42,G5_score_threshold,0.8631239935587761,0.856682769726248,0.006441223832528098,0,13,1.0,0.0
ds_3,M04,S3,lr,42,G5_score_threshold,0.9021739130434783,0.9021739130434783,0.0,0,13,1.0,0.0
ds_3,M04,S3,catboost,42,G7_lifecycle_removal,0.8631239935587761,0.856682769726248,0.006441223832528098,0,13,1.0,0.0
ds_3,M04,S3,lr,42,G7_lifecycle_removal,0.9021739130434783,0.9021739130434783,0.0,0,13,1.0,0.0
ds_3,M04,S5,catboost,42,G1_no_removal,0.8615136876006442,0.856682769726248,0.004830917874396157,0,13,1.0,0.0
ds_3,M04,S5,lr,42,G1_no_removal,0.9029790660225443,0.9021739130434783,0.0008051529790660261,0,13,1.0,0.0
ds_3,M04,S5,catboost,42,G2_oracle_remove_all,0.856682769726248,0.856682769726248,0.0,1,12,1.0,1.0
ds_3,M04,S5,lr,42,G2_oracle_remove_all,0.9021739130434783,0.9021739130434783,0.0,1,12,1.0,1.0
ds_3,M04,S5,catboost,42,G3_fixed_field_budget,0.5157004830917875,0.856682769726248,0.3409822866344605,2,11,0.8333333333333334,0.0
ds_3,M04,S5,lr,42,G3_fixed_field_budget,0.465780998389694,0.9021739130434783,0.43639291465378427,2,11,0.8333333333333334,0.0
ds_3,M04,S5,catboost,42,G5_score_threshold,0.8615136876006442,0.856682769726248,0.004830917874396157,0,13,1.0,0.0
ds_3,M04,S5,lr,42,G5_score_threshold,0.9029790660225443,0.9021739130434783,0.0008051529790660261,0,13,1.0,0.0
ds_3,M04,S5,catboost,42,G7_lifecycle_removal,0.8615136876006442,0.856682769726248,0.004830917874396157,0,13,1.0,0.0
ds_3,M04,S5,lr,42,G7_lifecycle_removal,0.9029790660225443,0.9021739130434783,0.0008051529790660261,0,13,1.0,0.0
ds_3,M05,S3,catboost,42,G1_no_removal,0.8590982286634461,0.856682769726248,0.0024154589371980784,0,13,1.0,0.0
ds_3,M05,S3,lr,42,G1_no_removal,0.9041867954911433,0.9021739130434783,0.0020128824476650653,0,13,1.0,0.0
ds_3,M05,S3,catboost,42,G2_oracle_remove_all,0.856682769726248,0.856682769726248,0.0,1,12,1.0,1.0
ds_3,M05,S3,lr,42,G2_oracle_remove_all,0.9021739130434783,0.9021739130434783,0.0,1,12,1.0,1.0
ds_3,M05,S3,catboost,42,G3_fixed_field_budget,0.5016103059581322,0.856682769726248,0.35507246376811585,2,11,0.8333333333333334,0.0
ds_3,M05,S3,lr,42,G3_fixed_field_budget,0.4859098228663446,0.9021739130434783,0.41626409017713367,2,11,0.8333333333333334,0.0
ds_3,M05,S3,catboost,42,G5_score_threshold,0.8590982286634461,0.856682769726248,0.0024154589371980784,0,13,1.0,0.0
ds_3,M05,S3,lr,42,G5_score_threshold,0.9041867954911433,0.9021739130434783,0.0020128824476650653,0,13,1.0,0.0
ds_3,M05,S3,catboost,42,G7_lifecycle_removal,0.8590982286634461,0.856682769726248,0.0024154589371980784,0,13,1.0,0.0
ds_3,M05,S3,lr,42,G7_lifecycle_removal,0.9041867954911433,0.9021739130434783,0.0020128824476650653,0,13,1.0,0.0
ds_3,M05,S5,catboost,42,G1_no_removal,0.8582930756843801,0.856682769726248,0.0016103059581320522,0,13,1.0,0.0
ds_3,M05,S5,lr,42,G1_no_removal,0.9025764895330113,0.9021739130434783,0.00040257648953301306,0,13,1.0,0.0
ds_3,M05,S5,catboost,42,G2_oracle_remove_all,0.856682769726248,0.856682769726248,0.0,1,12,1.0,1.0
ds_3,M05,S5,lr,42,G2_oracle_remove_all,0.9021739130434783,0.9021739130434783,0.0,1,12,1.0,1.0
ds_3,M05,S5,catboost,42,G3_fixed_field_budget,0.48752012882447665,0.856682769726248,0.36916264090177137,2,11,0.8333333333333334,0.0
ds_3,M05,S5,lr,42,G3_fixed_field_budget,0.48590982286634454,0.9021739130434783,0.4162640901771337,2,11,0.8333333333333334,0.0
ds_3,M05,S5,catboost,42,G5_score_threshold,0.8582930756843801,0.856682769726248,0.0016103059581320522,0,13,1.0,0.0
ds_3,M05,S5,lr,42,G5_score_threshold,0.9025764895330113,0.9021739130434783,0.00040257648953301306,0,13,1.0,0.0
ds_3,M05,S5,catboost,42,G7_lifecycle_removal,0.8582930756843801,0.856682769726248,0.0016103059581320522,0,13,1.0,0.0
ds_3,M05,S5,lr,42,G7_lifecycle_removal,0.9025764895330113,0.9021739130434783,0.00040257648953301306,0,13,1.0,0.0
ds_3,M06,S3,catboost,42,G1_no_removal,1.0,0.8887555022008804,0.1112444977991196,0,14,1.0,0.0
ds_3,M06,S3,lr,42,G1_no_removal,1.0,0.8771508603441377,0.1228491396558623,0,14,1.0,0.0
ds_3,M06,S3,catboost,42,G2_oracle_remove_all,0.8887555022008804,0.8887555022008804,0.0,2,12,1.0,1.0
ds_3,M06,S3,lr,42,G2_oracle_remove_all,0.8771508603441377,0.8771508603441377,0.0,2,12,1.0,1.0
ds_3,M06,S3,catboost,42,G3_fixed_field_budget,0.8887555022008804,0.8887555022008804,0.0,2,12,1.0,1.0
ds_3,M06,S3,lr,42,G3_fixed_field_budget,0.8771508603441377,0.8771508603441377,0.0,2,12,1.0,1.0
ds_3,M06,S3,catboost,42,G5_score_threshold,1.0,0.8887555022008804,0.1112444977991196,0,14,1.0,0.0
ds_3,M06,S3,lr,42,G5_score_threshold,1.0,0.8771508603441377,0.1228491396558623,0,14,1.0,0.0
ds_3,M06,S3,catboost,42,G7_lifecycle_removal,1.0,0.8887555022008804,0.1112444977991196,0,14,1.0,0.0
ds_3,M06,S3,lr,42,G7_lifecycle_removal,1.0,0.8771508603441377,0.1228491396558623,0,14,1.0,0.0
ds_3,M06,S5,catboost,42,G1_no_removal,1.0,0.8887555022008804,0.1112444977991196,0,14,1.0,0.0
ds_3,M06,S5,lr,42,G1_no_removal,1.0,0.8771508603441377,0.1228491396558623,0,14,1.0,0.0
ds_3,M06,S5,catboost,42,G2_oracle_remove_all,0.8887555022008804,0.8887555022008804,0.0,2,12,1.0,1.0
ds_3,M06,S5,lr,42,G2_oracle_remove_all,0.8771508603441377,0.8771508603441377,0.0,2,12,1.0,1.0
ds_3,M06,S5,catboost,42,G3_fixed_field_budget,0.8887555022008804,0.8887555022008804,0.0,2,12,1.0,1.0
ds_3,M06,S5,lr,42,G3_fixed_field_budget,0.8771508603441377,0.8771508603441377,0.0,2,12,1.0,1.0
ds_3,M06,S5,catboost,42,G5_score_threshold,1.0,0.8887555022008804,0.1112444977991196,0,14,1.0,0.0
ds_3,M06,S5,lr,42,G5_score_threshold,1.0,0.8771508603441377,0.1228491396558623,0,14,1.0,0.0
ds_3,M06,S5,catboost,42,G7_lifecycle_removal,1.0,0.8887555022008804,0.1112444977991196,0,14,1.0,0.0
ds_3,M06,S5,lr,42,G7_lifecycle_removal,1.0,0.8771508603441377,0.1228491396558623,0,14,1.0,0.0
ds_3,M08,S3,catboost,42,G1_no_removal,0.8602020202020202,0.8707070707070708,0.010505050505050573,0,13,1.0,0.0
ds_3,M08,S3,lr,42,G1_no_removal,0.9038383838383838,0.9038383838383838,0.0,0,13,1.0,0.0
ds_3,M08,S3,catboost,42,G2_oracle_remove_all,0.8707070707070708,0.8707070707070708,0.0,1,12,1.0,1.0
ds_3,M08,S3,lr,42,G2_oracle_remove_all,0.9038383838383838,0.9038383838383838,0.0,1,12,1.0,1.0
ds_3,M08,S3,catboost,42,G3_fixed_field_budget,0.5951515151515151,0.8707070707070708,0.27555555555555566,2,11,0.8333333333333334,0.0
ds_3,M08,S3,lr,42,G3_fixed_field_budget,0.6836363636363636,0.9038383838383838,0.22020202020202018,2,11,0.8333333333333334,0.0
ds_3,M08,S3,catboost,42,G5_score_threshold,0.8602020202020202,0.8707070707070708,0.010505050505050573,0,13,1.0,0.0
ds_3,M08,S3,lr,42,G5_score_threshold,0.9038383838383838,0.9038383838383838,0.0,0,13,1.0,0.0
ds_3,M08,S3,catboost,42,G7_lifecycle_removal,0.8602020202020202,0.8707070707070708,0.010505050505050573,0,13,1.0,0.0
ds_3,M08,S3,lr,42,G7_lifecycle_removal,0.9038383838383838,0.9038383838383838,0.0,0,13,1.0,0.0
ds_3,M08,S5,catboost,42,G1_no_removal,0.8703030303030304,0.8707070707070708,0.00040404040404040664,0,13,1.0,0.0
ds_3,M08,S5,lr,42,G1_no_removal,0.9038383838383838,0.9038383838383838,0.0,0,13,1.0,0.0
ds_3,M08,S5,catboost,42,G2_oracle_remove_all,0.8707070707070708,0.8707070707070708,0.0,1,12,1.0,1.0
ds_3,M08,S5,lr,42,G2_oracle_remove_all,0.9038383838383838,0.9038383838383838,0.0,1,12,1.0,1.0
ds_3,M08,S5,catboost,42,G3_fixed_field_budget,0.5818181818181818,0.8707070707070708,0.288888888888889,2,11,0.8333333333333334,0.0
ds_3,M08,S5,lr,42,G3_fixed_field_budget,0.6816161616161616,0.9038383838383838,0.2222222222222222,2,11,0.8333333333333334,0.0
ds_3,M08,S5,catboost,42,G5_score_threshold,0.8703030303030304,0.8707070707070708,0.00040404040404040664,0,13,1.0,0.0
ds_3,M08,S5,lr,42,G5_score_threshold,0.9038383838383838,0.9038383838383838,0.0,0,13,1.0,0.0
ds_3,M08,S5,catboost,42,G7_lifecycle_removal,0.8703030303030304,0.8707070707070708,0.00040404040404040664,0,13,1.0,0.0
ds_3,M08,S5,lr,42,G7_lifecycle_removal,0.9038383838383838,0.9038383838383838,0.0,0,13,1.0,0.0
ds_3,M11,S3,catboost,42,G1_no_removal,0.9997999199679871,0.8515406162464987,0.14825930372148843,0,14,1.0,0.0
ds_3,M11,S3,lr,42,G1_no_removal,0.9539815926370548,0.8579431772709083,0.09603841536614655,0,14,1.0,0.0
ds_3,M11,S3,catboost,42,G2_oracle_remove_all,0.8515406162464987,0.8515406162464987,0.0,2,12,1.0,1.0
ds_3,M11,S3,lr,42,G2_oracle_remove_all,0.8579431772709083,0.8579431772709083,0.0,2,12,1.0,1.0
ds_3,M11,S3,catboost,42,G3_fixed_field_budget,0.8579431772709083,0.8515406162464987,0.006402561024409614,2,12,0.9166666666666666,0.5
ds_3,M11,S3,lr,42,G3_fixed_field_budget,0.7719087635054022,0.8579431772709083,0.08603441376550613,2,12,0.9166666666666666,0.5
ds_3,M11,S3,catboost,42,G5_score_threshold,0.9997999199679871,0.8515406162464987,0.14825930372148843,0,14,1.0,0.0
ds_3,M11,S3,lr,42,G5_score_threshold,0.9539815926370548,0.8579431772709083,0.09603841536614655,0,14,1.0,0.0
ds_3,M11,S3,catboost,42,G7_lifecycle_removal,0.9997999199679871,0.8515406162464987,0.14825930372148843,0,14,1.0,0.0
ds_3,M11,S3,lr,42,G7_lifecycle_removal,0.9539815926370548,0.8579431772709083,0.09603841536614655,0,14,1.0,0.0
ds_3,M11,S5,catboost,42,G1_no_removal,1.0,0.8515406162464987,0.14845938375350132,0,14,1.0,0.0
ds_3,M11,S5,lr,42,G1_no_removal,0.9991996798719487,0.8579431772709083,0.1412565026010404,0,14,1.0,0.0
ds_3,M11,S5,catboost,42,G2_oracle_remove_all,0.8515406162464987,0.8515406162464987,0.0,2,12,1.0,1.0
ds_3,M11,S5,lr,42,G2_oracle_remove_all,0.8579431772709083,0.8579431772709083,0.0,2,12,1.0,1.0
ds_3,M11,S5,catboost,42,G3_fixed_field_budget,0.8515406162464987,0.8515406162464987,0.0,2,12,1.0,1.0
ds_3,M11,S5,lr,42,G3_fixed_field_budget,0.8579431772709083,0.8579431772709083,0.0,2,12,1.0,1.0
ds_3,M11,S5,catboost,42,G5_score_threshold,1.0,0.8515406162464987,0.14845938375350132,0,14,1.0,0.0
ds_3,M11,S5,lr,42,G5_score_threshold,0.9991996798719487,0.8579431772709083,0.1412565026010404,0,14,1.0,0.0
ds_3,M11,S5,catboost,42,G7_lifecycle_removal,1.0,0.8515406162464987,0.14845938375350132,0,14,1.0,0.0
ds_3,M11,S5,lr,42,G7_lifecycle_removal,0.9991996798719487,0.8579431772709083,0.1412565026010404,0,14,1.0,0.0
ds_4,M01,S3,catboost,42,G1_no_removal,1.0,0.9040545965475711,0.09594540345242886,0,13,1.0,0.0
ds_4,M01,S3,lr,42,G1_no_removal,0.9983942191890807,0.9177037334403855,0.0806904857486952,0,13,1.0,0.0
ds_4,M01,S3,catboost,42,G2_oracle_remove_all,0.9040545965475711,0.9040545965475711,0.0,1,12,1.0,1.0
ds_4,M01,S3,lr,42,G2_oracle_remove_all,0.9177037334403855,0.9177037334403855,0.0,1,12,1.0,1.0
ds_4,M01,S3,catboost,42,G3_fixed_field_budget,0.6668004817342432,0.9040545965475711,0.23725411481332792,2,11,0.9166666666666666,1.0
ds_4,M01,S3,lr,42,G3_fixed_field_budget,0.7181854676836612,0.9177037334403855,0.19951826575672427,2,11,0.9166666666666666,1.0
ds_4,M01,S3,catboost,42,G5_score_threshold,1.0,0.9040545965475711,0.09594540345242886,0,13,1.0,0.0
ds_4,M01,S3,lr,42,G5_score_threshold,0.9983942191890807,0.9177037334403855,0.0806904857486952,0,13,1.0,0.0
ds_4,M01,S3,catboost,42,G7_lifecycle_removal,1.0,0.9040545965475711,0.09594540345242886,0,13,1.0,0.0
ds_4,M01,S3,lr,42,G7_lifecycle_removal,0.9983942191890807,0.9177037334403855,0.0806904857486952,0,13,1.0,0.0
ds_4,M01,S5,catboost,42,G1_no_removal,1.0,0.9040545965475711,0.09594540345242886,0,13,1.0,0.0
ds_4,M01,S5,lr,42,G1_no_removal,1.0,0.9177037334403855,0.08229626655961453,0,13,1.0,0.0
ds_4,M01,S5,catboost,42,G2_oracle_remove_all,0.9040545965475711,0.9040545965475711,0.0,1,12,1.0,1.0
ds_4,M01,S5,lr,42,G2_oracle_remove_all,0.9177037334403855,0.9177037334403855,0.0,1,12,1.0,1.0
ds_4,M01,S5,catboost,42,G3_fixed_field_budget,0.6668004817342432,0.9040545965475711,0.23725411481332792,2,11,0.9166666666666666,1.0
ds_4,M01,S5,lr,42,G3_fixed_field_budget,0.7181854676836612,0.9177037334403855,0.19951826575672427,2,11,0.9166666666666666,1.0
ds_4,M01,S5,catboost,42,G5_score_threshold,1.0,0.9040545965475711,0.09594540345242886,0,13,1.0,0.0
ds_4,M01,S5,lr,42,G5_score_threshold,1.0,0.9177037334403855,0.08229626655961453,0,13,1.0,0.0
ds_4,M01,S5,catboost,42,G7_lifecycle_removal,1.0,0.9040545965475711,0.09594540345242886,0,13,1.0,0.0
ds_4,M01,S5,lr,42,G7_lifecycle_removal,1.0,0.9177037334403855,0.08229626655961453,0,13,1.0,0.0
ds_4,M02,S3,catboost,42,G1_no_removal,1.0,0.9252525252525252,0.07474747474747478,0,13,1.0,0.0
ds_4,M02,S3,lr,42,G1_no_removal,1.0,0.9535353535353535,0.04646464646464654,0,13,1.0,0.0
ds_4,M02,S3,catboost,42,G2_oracle_remove_all,0.9252525252525252,0.9252525252525252,0.0,1,12,1.0,1.0
ds_4,M02,S3,lr,42,G2_oracle_remove_all,0.9535353535353535,0.9535353535353535,0.0,1,12,1.0,1.0
ds_4,M02,S3,catboost,42,G3_fixed_field_budget,0.7052525252525252,0.9252525252525252,0.21999999999999997,2,11,0.9166666666666666,1.0
ds_4,M02,S3,lr,42,G3_fixed_field_budget,0.7632323232323233,0.9535353535353535,0.1903030303030302,2,11,0.9166666666666666,1.0
ds_4,M02,S3,catboost,42,G5_score_threshold,1.0,0.9252525252525252,0.07474747474747478,0,13,1.0,0.0
ds_4,M02,S3,lr,42,G5_score_threshold,1.0,0.9535353535353535,0.04646464646464654,0,13,1.0,0.0
ds_4,M02,S3,catboost,42,G7_lifecycle_removal,1.0,0.9252525252525252,0.07474747474747478,0,13,1.0,0.0
ds_4,M02,S3,lr,42,G7_lifecycle_removal,1.0,0.9535353535353535,0.04646464646464654,0,13,1.0,0.0
ds_4,M02,S5,catboost,42,G1_no_removal,1.0,0.9252525252525252,0.07474747474747478,0,13,1.0,0.0
ds_4,M02,S5,lr,42,G1_no_removal,1.0,0.9535353535353535,0.04646464646464654,0,13,1.0,0.0
ds_4,M02,S5,catboost,42,G2_oracle_remove_all,0.9252525252525252,0.9252525252525252,0.0,1,12,1.0,1.0
ds_4,M02,S5,lr,42,G2_oracle_remove_all,0.9535353535353535,0.9535353535353535,0.0,1,12,1.0,1.0
ds_4,M02,S5,catboost,42,G3_fixed_field_budget,0.7052525252525252,0.9252525252525252,0.21999999999999997,2,11,0.9166666666666666,1.0
ds_4,M02,S5,lr,42,G3_fixed_field_budget,0.7632323232323233,0.9535353535353535,0.1903030303030302,2,11,0.9166666666666666,1.0
ds_4,M02,S5,catboost,42,G5_score_threshold,1.0,0.9252525252525252,0.07474747474747478,0,13,1.0,0.0
ds_4,M02,S5,lr,42,G5_score_threshold,1.0,0.9535353535353535,0.04646464646464654,0,13,1.0,0.0
ds_4,M02,S5,catboost,42,G7_lifecycle_removal,1.0,0.9252525252525252,0.07474747474747478,0,13,1.0,0.0
ds_4,M02,S5,lr,42,G7_lifecycle_removal,1.0,0.9535353535353535,0.04646464646464654,0,13,1.0,0.0
ds_4,M04,S3,catboost,42,G1_no_removal,0.9256565656565656,0.9252525252525252,0.00040404040404040664,0,13,1.0,0.0
ds_4,M04,S3,lr,42,G1_no_removal,0.9519191919191918,0.9535353535353535,0.0016161616161616266,0,13,1.0,0.0
ds_4,M04,S3,catboost,42,G2_oracle_remove_all,0.9252525252525252,0.9252525252525252,0.0,1,12,1.0,1.0
ds_4,M04,S3,lr,42,G2_oracle_remove_all,0.9535353535353535,0.9535353535353535,0.0,1,12,1.0,1.0
ds_4,M04,S3,catboost,42,G3_fixed_field_budget,0.4822222222222222,0.9252525252525252,0.443030303030303,2,11,0.8333333333333334,0.0
ds_4,M04,S3,lr,42,G3_fixed_field_budget,0.5563636363636364,0.9535353535353535,0.39717171717171706,2,11,0.8333333333333334,0.0
ds_4,M04,S3,catboost,42,G5_score_threshold,0.9256565656565656,0.9252525252525252,0.00040404040404040664,0,13,1.0,0.0
ds_4,M04,S3,lr,42,G5_score_threshold,0.9519191919191918,0.9535353535353535,0.0016161616161616266,0,13,1.0,0.0
ds_4,M04,S3,catboost,42,G7_lifecycle_removal,0.9256565656565656,0.9252525252525252,0.00040404040404040664,0,13,1.0,0.0
ds_4,M04,S3,lr,42,G7_lifecycle_removal,0.9519191919191918,0.9535353535353535,0.0016161616161616266,0,13,1.0,0.0
ds_4,M04,S5,catboost,42,G1_no_removal,0.9292929292929292,0.9252525252525252,0.004040404040403955,0,13,1.0,0.0
ds_4,M04,S5,lr,42,G1_no_removal,0.9511111111111111,0.9535353535353535,0.002424242424242329,0,13,1.0,0.0
ds_4,M04,S5,catboost,42,G2_oracle_remove_all,0.9252525252525252,0.9252525252525252,0.0,1,12,1.0,1.0
ds_4,M04,S5,lr,42,G2_oracle_remove_all,0.9535353535353535,0.9535353535353535,0.0,1,12,1.0,1.0
ds_4,M04,S5,catboost,42,G3_fixed_field_budget,0.3434343434343434,0.9252525252525252,0.5818181818181818,2,11,0.8333333333333334,0.0
ds_4,M04,S5,lr,42,G3_fixed_field_budget,0.5563636363636363,0.9535353535353535,0.3971717171717172,2,11,0.8333333333333334,0.0
ds_4,M04,S5,catboost,42,G5_score_threshold,0.9292929292929292,0.9252525252525252,0.004040404040403955,0,13,1.0,0.0
ds_4,M04,S5,lr,42,G5_score_threshold,0.9511111111111111,0.9535353535353535,0.002424242424242329,0,13,1.0,0.0
ds_4,M04,S5,catboost,42,G7_lifecycle_removal,0.9292929292929292,0.9252525252525252,0.004040404040403955,0,13,1.0,0.0
ds_4,M04,S5,lr,42,G7_lifecycle_removal,0.9511111111111111,0.9535353535353535,0.002424242424242329,0,13,1.0,0.0
ds_4,M05,S3,catboost,42,G1_no_removal,0.9248484848484849,0.9252525252525252,0.0004040404040402956,0,13,1.0,0.0
ds_4,M05,S3,lr,42,G1_no_removal,0.9527272727272728,0.9535353535353535,0.0008080808080807023,0,13,1.0,0.0
ds_4,M05,S3,catboost,42,G2_oracle_remove_all,0.9252525252525252,0.9252525252525252,0.0,1,12,1.0,1.0
ds_4,M05,S3,lr,42,G2_oracle_remove_all,0.9535353535353535,0.9535353535353535,0.0,1,12,1.0,1.0
ds_4,M05,S3,catboost,42,G3_fixed_field_budget,0.5238383838383838,0.9252525252525252,0.40141414141414145,2,11,0.8333333333333334,0.0
ds_4,M05,S3,lr,42,G3_fixed_field_budget,0.5672727272727273,0.9535353535353535,0.3862626262626262,2,11,0.8333333333333334,0.0
ds_4,M05,S3,catboost,42,G5_score_threshold,0.9248484848484849,0.9252525252525252,0.0004040404040402956,0,13,1.0,0.0
ds_4,M05,S3,lr,42,G5_score_threshold,0.9527272727272728,0.9535353535353535,0.0008080808080807023,0,13,1.0,0.0
ds_4,M05,S3,catboost,42,G7_lifecycle_removal,0.9248484848484849,0.9252525252525252,0.0004040404040402956,0,13,1.0,0.0
ds_4,M05,S3,lr,42,G7_lifecycle_removal,0.9527272727272728,0.9535353535353535,0.0008080808080807023,0,13,1.0,0.0
ds_4,M05,S5,catboost,42,G1_no_removal,0.9256565656565656,0.9252525252525252,0.00040404040404040664,0,13,1.0,0.0
ds_4,M05,S5,lr,42,G1_no_removal,0.9527272727272728,0.9535353535353535,0.0008080808080807023,0,13,1.0,0.0
ds_4,M05,S5,catboost,42,G2_oracle_remove_all,0.9252525252525252,0.9252525252525252,0.0,1,12,1.0,1.0
ds_4,M05,S5,lr,42,G2_oracle_remove_all,0.9535353535353535,0.9535353535353535,0.0,1,12,1.0,1.0
ds_4,M05,S5,catboost,42,G3_fixed_field_budget,0.5381818181818182,0.9252525252525252,0.387070707070707,2,11,0.8333333333333334,0.0
ds_4,M05,S5,lr,42,G3_fixed_field_budget,0.5672727272727273,0.9535353535353535,0.3862626262626262,2,11,0.8333333333333334,0.0
ds_4,M05,S5,catboost,42,G5_score_threshold,0.9256565656565656,0.9252525252525252,0.00040404040404040664,0,13,1.0,0.0
ds_4,M05,S5,lr,42,G5_score_threshold,0.9527272727272728,0.9535353535353535,0.0008080808080807023,0,13,1.0,0.0
ds_4,M05,S5,catboost,42,G7_lifecycle_removal,0.9256565656565656,0.9252525252525252,0.00040404040404040664,0,13,1.0,0.0
ds_4,M05,S5,lr,42,G7_lifecycle_removal,0.9527272727272728,0.9535353535353535,0.0008080808080807023,0,13,1.0,0.0
ds_4,M06,S3,catboost,42,G1_no_removal,1.0,0.93,0.06999999999999995,0,14,1.0,0.0
ds_4,M06,S3,lr,42,G1_no_removal,1.0,0.9528,0.04720000000000002,0,14,1.0,0.0
ds_4,M06,S3,catboost,42,G2_oracle_remove_all,0.93,0.93,0.0,2,12,1.0,1.0
ds_4,M06,S3,lr,42,G2_oracle_remove_all,0.9528,0.9528,0.0,2,12,1.0,1.0
ds_4,M06,S3,catboost,42,G3_fixed_field_budget,0.93,0.93,0.0,2,12,1.0,1.0
ds_4,M06,S3,lr,42,G3_fixed_field_budget,0.9528,0.9528,0.0,2,12,1.0,1.0
ds_4,M06,S3,catboost,42,G5_score_threshold,1.0,0.93,0.06999999999999995,0,14,1.0,0.0
ds_4,M06,S3,lr,42,G5_score_threshold,1.0,0.9528,0.04720000000000002,0,14,1.0,0.0
ds_4,M06,S3,catboost,42,G7_lifecycle_removal,1.0,0.93,0.06999999999999995,0,14,1.0,0.0
ds_4,M06,S3,lr,42,G7_lifecycle_removal,1.0,0.9528,0.04720000000000002,0,14,1.0,0.0
ds_4,M06,S5,catboost,42,G1_no_removal,1.0,0.93,0.06999999999999995,0,14,1.0,0.0
ds_4,M06,S5,lr,42,G1_no_removal,1.0,0.9528,0.04720000000000002,0,14,1.0,0.0
ds_4,M06,S5,catboost,42,G2_oracle_remove_all,0.93,0.93,0.0,2,12,1.0,1.0
ds_4,M06,S5,lr,42,G2_oracle_remove_all,0.9528,0.9528,0.0,2,12,1.0,1.0
ds_4,M06,S5,catboost,42,G3_fixed_field_budget,0.93,0.93,0.0,2,12,1.0,1.0
ds_4,M06,S5,lr,42,G3_fixed_field_budget,0.9528,0.9528,0.0,2,12,1.0,1.0
ds_4,M06,S5,catboost,42,G5_score_threshold,1.0,0.93,0.06999999999999995,0,14,1.0,0.0
ds_4,M06,S5,lr,42,G5_score_threshold,1.0,0.9528,0.04720000000000002,0,14,1.0,0.0
ds_4,M06,S5,catboost,42,G7_lifecycle_removal,1.0,0.93,0.06999999999999995,0,14,1.0,0.0
ds_4,M06,S5,lr,42,G7_lifecycle_removal,1.0,0.9528,0.04720000000000002,0,14,1.0,0.0
ds_4,M08,S3,catboost,42,G1_no_removal,0.9064632677639503,0.911682055399438,0.005218787635487776,0,13,1.0,0.0
ds_4,M08,S3,lr,42,G1_no_removal,0.925331192292252,0.9237254114813328,0.0016057808109192218,0,13,1.0,0.0
ds_4,M08,S3,catboost,42,G2_oracle_remove_all,0.911682055399438,0.911682055399438,0.0,1,12,1.0,1.0
ds_4,M08,S3,lr,42,G2_oracle_remove_all,0.9237254114813328,0.9237254114813328,0.0,1,12,1.0,1.0
ds_4,M08,S3,catboost,42,G3_fixed_field_budget,0.488358089120835,0.911682055399438,0.423323966278603,2,11,0.8333333333333334,0.0
ds_4,M08,S3,lr,42,G3_fixed_field_budget,0.5684464070654356,0.9237254114813328,0.3552790044158972,2,11,0.8333333333333334,0.0
ds_4,M08,S3,catboost,42,G5_score_threshold,0.9064632677639503,0.911682055399438,0.005218787635487776,0,13,1.0,0.0
ds_4,M08,S3,lr,42,G5_score_threshold,0.925331192292252,0.9237254114813328,0.0016057808109192218,0,13,1.0,0.0
ds_4,M08,S3,catboost,42,G7_lifecycle_removal,0.9064632677639503,0.911682055399438,0.005218787635487776,0,13,1.0,0.0
ds_4,M08,S3,lr,42,G7_lifecycle_removal,0.925331192292252,0.9237254114813328,0.0016057808109192218,0,13,1.0,0.0
ds_4,M08,S5,catboost,42,G1_no_removal,0.900040144520273,0.911682055399438,0.011641910879164996,0,13,1.0,0.0
ds_4,M08,S5,lr,42,G1_no_removal,0.9265355279004416,0.9237254114813328,0.002810116419108777,0,13,1.0,0.0
ds_4,M08,S5,catboost,42,G2_oracle_remove_all,0.911682055399438,0.911682055399438,0.0,1,12,1.0,1.0
ds_4,M08,S5,lr,42,G2_oracle_remove_all,0.9237254114813328,0.9237254114813328,0.0,1,12,1.0,1.0
ds_4,M08,S5,catboost,42,G3_fixed_field_budget,0.5106382978723404,0.911682055399438,0.40104375752709764,2,11,0.8333333333333334,0.0
ds_4,M08,S5,lr,42,G3_fixed_field_budget,0.55800883179446,0.9237254114813328,0.36571657968687277,2,11,0.8333333333333334,0.0
ds_4,M08,S5,catboost,42,G5_score_threshold,0.900040144520273,0.911682055399438,0.011641910879164996,0,13,1.0,0.0
ds_4,M08,S5,lr,42,G5_score_threshold,0.9265355279004416,0.9237254114813328,0.002810116419108777,0,13,1.0,0.0
ds_4,M08,S5,catboost,42,G7_lifecycle_removal,0.900040144520273,0.911682055399438,0.011641910879164996,0,13,1.0,0.0
ds_4,M08,S5,lr,42,G7_lifecycle_removal,0.9265355279004416,0.9237254114813328,0.002810116419108777,0,13,1.0,0.0
ds_4,M11,S3,catboost,42,G1_no_removal,1.0,0.9350961538461539,0.06490384615384615,0,14,1.0,0.0
ds_4,M11,S3,lr,42,G1_no_removal,0.9963942307692307,0.9583333333333333,0.03806089743589747,0,14,1.0,0.0
ds_4,M11,S3,catboost,42,G2_oracle_remove_all,0.9350961538461539,0.9350961538461539,0.0,2,12,1.0,1.0
ds_4,M11,S3,lr,42,G2_oracle_remove_all,0.9583333333333333,0.9583333333333333,0.0,2,12,1.0,1.0
ds_4,M11,S3,catboost,42,G3_fixed_field_budget,0.9350961538461539,0.9350961538461539,0.0,2,12,1.0,1.0
ds_4,M11,S3,lr,42,G3_fixed_field_budget,0.9583333333333333,0.9583333333333333,0.0,2,12,1.0,1.0
ds_4,M11,S3,catboost,42,G5_score_threshold,1.0,0.9350961538461539,0.06490384615384615,0,14,1.0,0.0
ds_4,M11,S3,lr,42,G5_score_threshold,0.9963942307692307,0.9583333333333333,0.03806089743589747,0,14,1.0,0.0
ds_4,M11,S3,catboost,42,G7_lifecycle_removal,1.0,0.9350961538461539,0.06490384615384615,0,14,1.0,0.0
ds_4,M11,S3,lr,42,G7_lifecycle_removal,0.9963942307692307,0.9583333333333333,0.03806089743589747,0,14,1.0,0.0
ds_4,M11,S5,catboost,42,G1_no_removal,1.0,0.9350961538461539,0.06490384615384615,0,14,1.0,0.0
ds_4,M11,S5,lr,42,G1_no_removal,1.0,0.9583333333333333,0.04166666666666674,0,14,1.0,0.0
ds_4,M11,S5,catboost,42,G2_oracle_remove_all,0.9350961538461539,0.9350961538461539,0.0,2,12,1.0,1.0
ds_4,M11,S5,lr,42,G2_oracle_remove_all,0.9583333333333333,0.9583333333333333,0.0,2,12,1.0,1.0
ds_4,M11,S5,catboost,42,G3_fixed_field_budget,0.9350961538461539,0.9350961538461539,0.0,2,12,1.0,1.0
ds_4,M11,S5,lr,42,G3_fixed_field_budget,0.9583333333333333,0.9583333333333333,0.0,2,12,1.0,1.0
ds_4,M11,S5,catboost,42,G5_score_threshold,1.0,0.9350961538461539,0.06490384615384615,0,14,1.0,0.0
ds_4,M11,S5,lr,42,G5_score_threshold,1.0,0.9583333333333333,0.04166666666666674,0,14,1.0,0.0
ds_4,M11,S5,catboost,42,G7_lifecycle_removal,1.0,0.9350961538461539,0.06490384615384615,0,14,1.0,0.0
ds_4,M11,S5,lr,42,G7_lifecycle_removal,1.0,0.9583333333333333,0.04166666666666674,0,14,1.0,0.0
