metric,mean,ci_lo,ci_hi,p_gt_zero,n_keys,n_tasks,task_sd,first_policy,second_policy,contract,budget_bp
legacy_sdr,0.006208498982999194,0.0005261390997037687,0.012799830018816138,0.987,5500,20,0.014687459430723809,P3,P4,encoded_column,500
legacy_sdr,0.012622343335188907,0.00484117855764058,0.02104178801806401,0.9998,5500,20,0.019336859669945815,P3,P4,encoded_column,1000
legacy_sdr,0.023542084345993385,0.013228204002683498,0.03456326879591064,1.0,5500,20,0.024826033442729486,P3,P4,encoded_column,2000
legacy_sdr,0.0057715812349818174,-0.00015124239301025298,0.01277884829033703,0.9712,5500,20,0.015019342786327418,P3,P4,semantic_group,500
legacy_sdr,0.01854225207656489,0.007387913329637151,0.030620706626902736,1.0,5500,20,0.026786008931731085,P3,P4,semantic_group,1000
legacy_sdr,0.030006038732345874,0.01681221924148626,0.04482339751771556,1.0,5500,20,0.03288132684386405,P3,P4,semantic_group,2000
legacy_sdr,0.006286149145011107,0.0010257341207685644,0.012542691864344155,0.993,5500,20,0.013722577193544088,P3,P5,encoded_column,500
legacy_sdr,0.011554245878843579,0.005110396980037819,0.019328039961731856,1.0,5500,20,0.0167599657943293,P3,P5,encoded_column,1000
legacy_sdr,0.01954067708179532,0.009952450166925223,0.02979898176456208,1.0,5500,20,0.023668095493488854,P3,P5,encoded_column,2000
legacy_sdr,0.0063684789597549685,0.0010210376408211533,0.012975026682662044,0.993,5500,20,0.014122158512970199,P3,P5,semantic_group,500
legacy_sdr,0.014905817366909093,0.00629894555914633,0.024407681663786047,0.9998,5500,20,0.02136963162166883,P3,P5,semantic_group,1000
legacy_sdr,0.023381994369351667,0.010872546011075407,0.03764636032381478,1.0,5500,20,0.03118307103378334,P3,P5,semantic_group,2000
legacy_sdr,0.005530145089487028,2.1138780464813894e-05,0.012082454570999665,0.9758,5500,20,0.014070061099710597,P3,P6,encoded_column,500
legacy_sdr,0.007583342665215735,0.0015013233104345261,0.014168090732010464,0.9928,5500,20,0.015015090614169644,P3,P6,encoded_column,1000
legacy_sdr,0.016410698256786593,0.006777583952356384,0.02702287910206209,1.0,5500,20,0.02330078616063928,P3,P6,encoded_column,2000
legacy_sdr,0.007416140243247433,0.001771797884705893,0.01384608069982363,0.9984,5500,20,0.014329756742725264,P3,P6,semantic_group,500
legacy_sdr,0.009227661838064477,0.0007772171834536848,0.018068543372551562,0.9858,5500,20,0.020339878259946848,P3,P6,semantic_group,1000
legacy_sdr,0.01099623388262983,-0.0025704359087629627,0.02569559725970844,0.94,5500,20,0.032675972607767875,P3,P6,semantic_group,2000
legacy_sdr,7.765016201191261e-05,-0.0016431369518293663,0.0020768035367455385,0.5096,5500,20,0.004285088446436958,P4,P5,encoded_column,500
legacy_sdr,-0.0010680974563453275,-0.0033035397851094235,0.001263952040728349,0.1746,5500,20,0.005207107357812592,P4,P5,encoded_column,1000
legacy_sdr,-0.004001407264198066,-0.007506737176748764,-0.0010680219917656875,0.0032,5500,20,0.007642478996986559,P4,P5,encoded_column,2000
legacy_sdr,0.0005968977247731503,-0.0010492997116439704,0.0024139007913121795,0.7356,5500,20,0.004190458500223605,P4,P5,semantic_group,500
legacy_sdr,-0.0036364347096557877,-0.007014514211804554,-0.00016351125970658412,0.02,5500,20,0.008089232285822564,P4,P5,semantic_group,1000
legacy_sdr,-0.006624044362994207,-0.011235529219752752,-0.002469611179826457,0.0002,5500,20,0.010115420058991917,P4,P5,semantic_group,2000
legacy_sdr,-0.0006783538935121654,-0.002157713234818089,0.0008018445313804801,0.1858,5500,20,0.0035287123266019046,P4,P6,encoded_column,500
legacy_sdr,-0.005039000669973172,-0.009104998860959173,-0.0006746789915887701,0.011,5500,20,0.009682714005603252,P4,P6,encoded_column,1000
legacy_sdr,-0.007131386089206791,-0.012670657192311354,-0.0008440944034839987,0.0142,5500,20,0.01434470205710838,P4,P6,encoded_column,2000
legacy_sdr,0.001644559008265616,-3.426232984301039e-05,0.003340339816528437,0.9718,5500,20,0.003916512750125954,P4,P6,semantic_group,500
legacy_sdr,-0.009314590238500406,-0.01640043882078876,-0.0027520885249264133,0.0034,5500,20,0.016307544208730384,P4,P6,semantic_group,1000
legacy_sdr,-0.019009804849716046,-0.026648540810541185,-0.011492560881916086,0.0,5500,20,0.01792228671263585,P4,P6,semantic_group,2000
legacy_sdr,-0.0007560040555240782,-0.002341266207921753,0.0008166116945472369,0.1822,5500,20,0.0037335562937057,P5,P6,encoded_column,500
legacy_sdr,-0.003970903213627844,-0.007122783605952511,-0.0003995118629437288,0.0142,5500,20,0.00788882465712806,P5,P6,encoded_column,1000
legacy_sdr,-0.003129978825008724,-0.008337410509657816,0.0023314907421238236,0.1262,5500,20,0.012543939260606787,P5,P6,encoded_column,2000
legacy_sdr,0.0010476612834924661,-0.0006610876860053802,0.0028019575407942886,0.8818,5500,20,0.004046867833568794,P5,P6,semantic_group,500
legacy_sdr,-0.00567815552884462,-0.010798217248623641,-0.0007559523707553157,0.0118,5500,20,0.011589397143621909,P5,P6,semantic_group,1000
legacy_sdr,-0.012385760486721836,-0.01765232709901313,-0.0067246178238978835,0.0,5500,20,0.012880382901572316,P5,P6,semantic_group,2000
directional_repair,0.0020650943425387924,-0.0006726021504763233,0.0050363930951984655,0.9318,5500,20,0.006694130635955193,P3,P4,encoded_column,500
directional_repair,0.0020866207564388334,-6.068133905015003e-05,0.004620076666340256,0.9708,5500,20,0.005454314031508481,P3,P4,encoded_column,1000
directional_repair,0.0034582831851687396,0.0014792365492785982,0.005580286209470074,1.0,5500,20,0.0049031683897819076,P3,P4,encoded_column,2000
directional_repair,0.0016288349371898366,-0.001140441713951401,0.004712718297963559,0.8576,5500,20,0.007031061257633986,P3,P4,semantic_group,500
directional_repair,0.003086810007281511,0.000878872702690127,0.0056567342745240294,0.999,5500,20,0.005443647591647046,P3,P4,semantic_group,1000
directional_repair,0.006178918507274416,0.004082067279152881,0.008495252892937847,1.0,5500,20,0.00523984845691198,P3,P4,semantic_group,2000
directional_repair,0.0025152203338587686,2.27274961257698e-06,0.0052830586022101856,0.975,5500,20,0.006385678548712069,P3,P5,encoded_column,500
directional_repair,0.002498487257421154,0.00013311651953768446,0.005107149031357145,0.9802,5500,20,0.0058824717617751545,P3,P5,encoded_column,1000
directional_repair,0.0033159245358340235,0.0010842127576380903,0.005750820688834139,0.999,5500,20,0.00554618223875955,P3,P5,encoded_column,2000
directional_repair,0.00259820849127105,-1.1368143796814032e-05,0.005565373104057001,0.9744,5500,20,0.006602397999715828,P3,P5,semantic_group,500
directional_repair,0.00352278072990094,0.0008353753702994211,0.006476272473688393,0.9972,5500,20,0.00666344394850107,P3,P5,semantic_group,1000
directional_repair,0.005537836346240638,0.0030900944343072363,0.008084562128188137,1.0,5500,20,0.005932732277738627,P3,P5,semantic_group,2000
directional_repair,0.0014398584243719306,-0.000872146316686436,0.004033589003076769,0.8624,5500,20,0.0058948659996164166,P3,P6,encoded_column,500
directional_repair,0.0014879597468516832,-0.0008311127682869772,0.0038738365755364027,0.8916,5500,20,0.005553694459196985,P3,P6,encoded_column,1000
directional_repair,0.006437233162591734,0.003819215565958546,0.009315944638336187,1.0,5500,20,0.00655469833642652,P3,P6,encoded_column,2000
directional_repair,0.003326511920800756,0.0007171644540063562,0.0061401911091586376,0.9944,5500,20,0.006322594977044584,P3,P6,semantic_group,500
directional_repair,0.0033537945912342553,0.0008982787457729448,0.005965321106502615,0.9978,5500,20,0.005936509535704977,P3,P6,semantic_group,1000
directional_repair,0.0038660186265650396,0.0014999479978600654,0.006568563818043277,0.9998,5500,20,0.0058375745429911086,P3,P6,semantic_group,2000
directional_repair,0.00045012599131997604,-0.0009593010731652035,0.0023235761421023064,0.672,5500,20,0.0039310302227649535,P4,P5,encoded_column,500
directional_repair,0.0004118665009823207,-0.00047591469991592787,0.0016784040493449293,0.7296,5500,20,0.0026250778234268657,P4,P5,encoded_column,1000
directional_repair,-0.00014235864933471616,-0.0010651020463337696,0.0006757862495067453,0.395,5500,20,0.002069613032424819,P4,P5,encoded_column,2000
directional_repair,0.0009693735540812137,-0.0004562231014507219,0.0028067252618644645,0.8806,5500,20,0.0038323166600976004,P4,P5,semantic_group,500
directional_repair,0.0004359707226194301,-0.0007508720940842931,0.0021850589159261905,0.6688,5500,20,0.0035965816184195106,P4,P5,semantic_group,1000
directional_repair,-0.0006410821610337781,-0.0018079840278684243,0.00027038462838414006,0.101,5500,20,0.002354205975061474,P4,P5,semantic_group,2000
directional_repair,-0.0006252359181668619,-0.0018791618625054736,0.000558488306744967,0.16,5500,20,0.0029375964795588286,P4,P6,encoded_column,500
directional_repair,-0.0005986610095871503,-0.0020271702260255147,0.0008814149628672222,0.2056,5500,20,0.0033495972695012327,P4,P6,encoded_column,1000
directional_repair,0.002978949977422994,0.0003493294362001469,0.005765677503274699,0.9856,5500,20,0.0064290217995984335,P4,P6,encoded_column,2000
directional_repair,0.0016976769836109199,0.00037596737024525064,0.0031180947683621513,0.993,5500,20,0.003302000528460356,P4,P6,semantic_group,500
directional_repair,0.00026698458395274516,-0.0011324711273633813,0.0018701891842089655,0.6316,5500,20,0.003497929941985883,P4,P6,semantic_group,1000
directional_repair,-0.0023128998807093763,-0.004039018623962804,-0.0005444614738686085,0.0082,5500,20,0.004126232678623019,P4,P6,semantic_group,2000
directional_repair,-0.001075361909486838,-0.002557823822177102,0.00028055304510581536,0.058,5500,20,0.0033218739626887685,P5,P6,encoded_column,500
directional_repair,-0.001010527510569471,-0.0024210494094333403,0.0005026274677709465,0.0914,5500,20,0.0034639945689445817,P5,P6,encoded_column,1000
directional_repair,0.0031213086267577093,0.000285404469545737,0.006286071651599503,0.9858,5500,20,0.006935614832102163,P5,P6,encoded_column,2000
directional_repair,0.0007283034295297063,-0.000955084519186446,0.002309785624278504,0.8122,5500,20,0.0037886212283239364,P5,P6,semantic_group,500
directional_repair,-0.00016898613866668508,-0.00168937543382478,0.0015596491510880695,0.3996,5500,20,0.003844322390121591,P5,P6,semantic_group,1000
directional_repair,-0.0016718177196755983,-0.0036075084911146526,0.00026021024612476903,0.0462,5500,20,0.004499179516469223,P5,P6,semantic_group,2000
same_side_residual,-0.0020650943425387924,-0.005085562143416254,0.0006710689074094146,0.0768,5500,20,0.006694130635955193,P3,P4,encoded_column,500
same_side_residual,-0.0020866207564388334,-0.004555855761535423,8.535468174789851e-05,0.0298,5500,20,0.005454314031508481,P3,P4,encoded_column,1000
same_side_residual,-0.0034582831851687396,-0.00566764229655199,-0.001444238638340727,0.0,5500,20,0.004903168389781907,P3,P4,encoded_column,2000
same_side_residual,-0.0016288349371898366,-0.004846197526135151,0.0012802758283792604,0.1476,5500,20,0.007031061257633986,P3,P4,semantic_group,500
same_side_residual,-0.003086810007281511,-0.005519511481877936,-0.0008626511863842743,0.0028,5500,20,0.005443647591647046,P3,P4,semantic_group,1000
same_side_residual,-0.006178918507274416,-0.008472450958288172,-0.004107423023906627,0.0,5500,20,0.0052398484569119805,P3,P4,semantic_group,2000
same_side_residual,-0.0025152203338587686,-0.005287448704175694,1.3837956252667226e-05,0.0256,5500,20,0.006385678548712069,P3,P5,encoded_column,500
same_side_residual,-0.002498487257421154,-0.0050661048845501485,-9.801935935122153e-05,0.0212,5500,20,0.0058824717617751545,P3,P5,encoded_column,1000
same_side_residual,-0.0033159245358340235,-0.005679845311673178,-0.0010301310063145013,0.0014,5500,20,0.005546182238759549,P3,P5,encoded_column,2000
same_side_residual,-0.00259820849127105,-0.005518179145525166,-1.6046153641561742e-05,0.0246,5500,20,0.006602397999715828,P3,P5,semantic_group,500
same_side_residual,-0.00352278072990094,-0.006495265225525763,-0.0008848907825577806,0.003,5500,20,0.00666344394850107,P3,P5,semantic_group,1000
same_side_residual,-0.005537836346240638,-0.008160148996518712,-0.0030673972841054457,0.0,5500,20,0.005932732277738627,P3,P5,semantic_group,2000
same_side_residual,-0.0014398584243719306,-0.004043108665657138,0.0008772845705268362,0.1344,5500,20,0.0058948659996164166,P3,P6,encoded_column,500
same_side_residual,-0.0014879597468516832,-0.003815783862112411,0.0008215229188940156,0.108,5500,20,0.005553694459196985,P3,P6,encoded_column,1000
same_side_residual,-0.006437233162591734,-0.009325284800095061,-0.0038481595166054987,0.0,5500,20,0.00655469833642652,P3,P6,encoded_column,2000
same_side_residual,-0.003326511920800756,-0.006187845788996457,-0.0007754936654521409,0.0038,5500,20,0.006322594977044584,P3,P6,semantic_group,500
same_side_residual,-0.0033537945912342553,-0.006022270938393923,-0.0009001711605248703,0.0022,5500,20,0.005936509535704977,P3,P6,semantic_group,1000
same_side_residual,-0.0038660186265650396,-0.006528499049935594,-0.0015879184347688084,0.0,5500,20,0.0058375745429911086,P3,P6,semantic_group,2000
same_side_residual,-0.00045012599131997604,-0.0022915623301128633,0.0009696706287530697,0.32,5500,20,0.0039310302227649535,P4,P5,encoded_column,500
same_side_residual,-0.0004118665009823207,-0.0017288945055785284,0.00046435870854391495,0.2704,5500,20,0.0026250778234268657,P4,P5,encoded_column,1000
same_side_residual,0.00014235864933471613,-0.000656774926848606,0.0010643776272766868,0.6064,5500,20,0.002069613032424819,P4,P5,encoded_column,2000
same_side_residual,-0.0009693735540812137,-0.002758644911972881,0.0004607064783286154,0.1194,5500,20,0.0038323166600976004,P4,P5,semantic_group,500
same_side_residual,-0.0004359707226194301,-0.0022162650731415213,0.0007707173007764829,0.3266,5500,20,0.0035965816184195106,P4,P5,semantic_group,1000
same_side_residual,0.0006410821610337781,-0.00031028426399849215,0.001710029129926799,0.899,5500,20,0.002354205975061474,P4,P5,semantic_group,2000
same_side_residual,0.0006252359181668619,-0.0005971186191161016,0.0018996131828449248,0.8382,5500,20,0.0029375964795588286,P4,P6,encoded_column,500
same_side_residual,0.0005986610095871503,-0.0008562032696050382,0.0019695986822155487,0.7954,5500,20,0.0033495972695012327,P4,P6,encoded_column,1000
same_side_residual,-0.002978949977422994,-0.005898127430727962,-0.00033192538091210606,0.0108,5500,20,0.0064290217995984335,P4,P6,encoded_column,2000
same_side_residual,-0.0016976769836109199,-0.003148253944099852,-0.00034318789673116405,0.0072,5500,20,0.003302000528460356,P4,P6,semantic_group,500
same_side_residual,-0.00026698458395274516,-0.0018132067942459263,0.0011362904401560972,0.3742,5500,20,0.003497929941985883,P4,P6,semantic_group,1000
same_side_residual,0.0023128998807093763,0.0004841844092903616,0.004029068485738743,0.9948,5500,20,0.004126232678623019,P4,P6,semantic_group,2000
same_side_residual,0.001075361909486838,-0.000244883730582301,0.0025833106670890855,0.9422,5500,20,0.0033218739626887685,P5,P6,encoded_column,500
same_side_residual,0.001010527510569471,-0.0005489654842276535,0.0024288990514616912,0.91,5500,20,0.0034639945689445817,P5,P6,encoded_column,1000
same_side_residual,-0.0031213086267577093,-0.006209140330554523,-0.0002196820781645458,0.0164,5500,20,0.006935614832102163,P5,P6,encoded_column,2000
same_side_residual,-0.0007283034295297063,-0.0023025860413754193,0.0009143192560060571,0.1818,5500,20,0.0037886212283239364,P5,P6,semantic_group,500
same_side_residual,0.00016898613866668508,-0.0016292118581170598,0.001691398241499015,0.5864,5500,20,0.003844322390121591,P5,P6,semantic_group,1000
same_side_residual,0.0016718177196755983,-0.00019924841950702432,0.0036202058372935314,0.96,5500,20,0.004499179516469223,P5,P6,semantic_group,2000
overcorrection,-0.004054715296191466,-0.007758826356126083,-0.0009476525900998364,0.0014,5500,20,0.008099494156941908,P3,P4,encoded_column,500
overcorrection,-0.010431474137345874,-0.01714703083315417,-0.00406047418561413,0.0008,5500,20,0.01532085949425939,P3,P4,encoded_column,1000
overcorrection,-0.019859947506649538,-0.028944171840973854,-0.011234470188868187,0.0,5500,20,0.021102797301619184,P3,P4,encoded_column,2000
overcorrection,-0.0040540569535230464,-0.007839580845753084,-0.0010293965676705444,0.0018,5500,20,0.008099894460910416,P3,P4,semantic_group,500
overcorrection,-0.015351193627879175,-0.02561252174576789,-0.005492898021851285,0.0006,5500,20,0.02363007266822137,P3,P4,semantic_group,1000
overcorrection,-0.023603266570896342,-0.036390566414875196,-0.011479305471021325,0.0,5500,20,0.029355290777706194,P3,P4,semantic_group,2000
overcorrection,-0.003657098243920039,-0.007263417136912216,-0.0006844316682888742,0.005,5500,20,0.007836241580700417,P3,P5,encoded_column,500
overcorrection,-0.008957427391645246,-0.01511591575085482,-0.0036025019249721355,0.0,5500,20,0.01354203703629274,P3,P5,encoded_column,1000
overcorrection,-0.016010352953086015,-0.02454422909371053,-0.008312869815813867,0.0,5500,20,0.018719295145760425,P3,P5,encoded_column,2000
overcorrection,-0.0036564399012516185,-0.007257453097686185,-0.0007102893182167162,0.0028,5500,20,0.007836483641635531,P3,P5,semantic_group,500
overcorrection,-0.011284705407230979,-0.019751005307570263,-0.0037732383498694055,0.0012,5500,20,0.018725506000113513,P3,P5,semantic_group,1000
overcorrection,-0.017629758430235745,-0.028979170061606087,-0.006924379943561405,0.0,5500,20,0.026055658365221182,P3,P5,semantic_group,2000
overcorrection,-0.004004269331037166,-0.007707167360388777,-0.0008683266441752176,0.003,5500,20,0.008089912448457432,P3,P6,encoded_column,500
overcorrection,-0.006049949014914154,-0.011550307736405169,-0.0010743837057027039,0.0082,5500,20,0.012267736282726805,P3,P6,encoded_column,1000
overcorrection,-0.009827796756371538,-0.01819419798807162,-0.0024038269476184776,0.0028,5500,20,0.018515918618601596,P3,P6,encoded_column,2000
overcorrection,-0.004003610988368746,-0.007781716240823359,-0.000909061619861009,0.002,5500,20,0.008090378573032615,P3,P6,semantic_group,500
overcorrection,-0.005828433343380323,-0.013598285930173771,0.0019219289382087312,0.0706,5500,20,0.018118423814425973,P3,P6,semantic_group,1000
overcorrection,-0.006984546918241461,-0.01947469183793911,0.004692566956649881,0.1244,5500,20,0.027904244208808958,P3,P6,semantic_group,2000
overcorrection,0.00039761705227142776,-0.00017136757934021246,0.0008890186556712382,0.9216,5500,20,0.001288732238690845,P4,P5,encoded_column,500
overcorrection,0.0014740467457006257,-0.0006605891341550841,0.0034975001835545875,0.9034,5500,20,0.004922841212490917,P4,P5,encoded_column,1000
overcorrection,0.003849594553563518,0.0011626304781881523,0.006739344689874215,0.9982,5500,20,0.006655634079189828,P4,P5,encoded_column,2000
overcorrection,0.00039761705227142776,-0.00019400511205026669,0.0009099336143952641,0.9138,5500,20,0.001288732238690845,P4,P5,semantic_group,500
overcorrection,0.004066488220648196,0.000640620225364937,0.007304218006272301,0.9896,5500,20,0.008053703583863632,P4,P5,semantic_group,1000
overcorrection,0.005973508140660596,0.0019757921672159443,0.010136708690283276,0.9986,5500,20,0.009725479939339835,P4,P5,semantic_group,2000
overcorrection,5.044596515430034e-05,-0.0003671431528091606,0.0004808563483115935,0.5858,5500,20,0.0010048194292504727,P4,P6,encoded_column,500
overcorrection,0.00438152512243172,0.001208104130693379,0.007576120303453559,0.995,5500,20,0.007416110236212791,P4,P6,encoded_column,1000
overcorrection,0.010032150750277996,0.005295237627233256,0.014669558962030321,1.0,5500,20,0.011067177771599115,P4,P6,encoded_column,2000
overcorrection,5.044596515430034e-05,-0.00036657618696993885,0.00048507222263276614,0.5802,5500,20,0.0010048194292504727,P4,P6,semantic_group,500
overcorrection,0.009522760284498851,0.0037382883278731455,0.015798988654139038,0.9994,5500,20,0.013950260380806396,P4,P6,semantic_group,1000
overcorrection,0.01661871965265488,0.009753759935173386,0.023507862154088992,1.0,5500,20,0.016227663000128224,P4,P6,semantic_group,2000
overcorrection,-0.00034717108711712744,-0.0010031656374856067,0.00034384649938746733,0.1538,5500,20,0.0015517776512815203,P5,P6,encoded_column,500
overcorrection,0.0029074783767310936,0.00029485720468647034,0.005572342005216825,0.986,5500,20,0.005997540224425528,P5,P6,encoded_column,1000
overcorrection,0.0061825561967144785,0.002923539034106794,0.009389750672903364,0.9998,5500,20,0.007481993099552107,P5,P6,encoded_column,2000
overcorrection,-0.00034717108711712744,-0.0010000568112046254,0.0003472178392586544,0.1584,5500,20,0.0015517776512815203,P5,P6,semantic_group,500
overcorrection,0.005456272063850655,0.0015898487495668854,0.009675128022551459,0.9978,5500,20,0.009543517730602144,P5,P6,semantic_group,1000
overcorrection,0.010645211511994284,0.006286927166446014,0.014957966090818803,1.0,5500,20,0.010213378272339193,P5,P6,semantic_group,2000
introduced_distortion,-8.868934426893693e-05,-0.00023008516267647338,3.169325050235582e-05,0.0894,5500,20,0.0003164511866595728,P3,P4,encoded_column,500
introduced_distortion,-0.00010424844140420199,-0.00021423946268148708,-2.491029926860685e-05,0.0,5500,20,0.00023596216418107397,P3,P4,encoded_column,1000
introduced_distortion,-0.00022385365417511532,-0.00039069367214212414,-9.518157818906163e-05,0.0,5500,20,0.000351909547818459,P3,P4,encoded_column,2000
introduced_distortion,-8.868934426893693e-05,-0.0002370470282988018,3.1641806058277705e-05,0.087,5500,20,0.0003164511866595728,P3,P4,semantic_group,500
introduced_distortion,-0.000104248441404202,-0.00022245229811487094,-2.3589210432620118e-05,0.0002,5500,20,0.00023596216418107402,P3,P4,semantic_group,1000
introduced_distortion,-0.00022385365417511532,-0.0003931632190722344,-9.3524701955425e-05,0.0,5500,20,0.000351909547818459,P3,P4,semantic_group,2000
introduced_distortion,-0.00011383056723230137,-0.00025044198215052894,-9.736451314371235e-06,0.008,5500,20,0.0002854379198242102,P3,P5,encoded_column,500
introduced_distortion,-9.833122977717968e-05,-0.00020919076286136782,-2.1704132208870473e-05,0.0,5500,20,0.00023319035207884292,P3,P5,encoded_column,1000
introduced_distortion,-0.00021439959287528255,-0.00038264262131455773,-8.124481122883206e-05,0.0,5500,20,0.00035724789643840565,P3,P5,encoded_column,2000
introduced_distortion,-0.00011383056723230137,-0.00025283078553513846,-1.0616418165720007e-05,0.0072,5500,20,0.0002854379198242102,P3,P5,semantic_group,500
introduced_distortion,-9.833122977717968e-05,-0.0002101963633626852,-2.0627408223481285e-05,0.0012,5500,20,0.00023319035207884292,P3,P5,semantic_group,1000
introduced_distortion,-0.00021439959287528255,-0.0003816752525934641,-8.194212671238738e-05,0.0,5500,20,0.00035724789643840565,P3,P5,semantic_group,2000
introduced_distortion,-8.60173340779335e-05,-0.00023292436835975976,3.5514458684805266e-05,0.0942,5500,20,0.00031539081762270595,P3,P6,encoded_column,500
introduced_distortion,-4.543390344990013e-05,-0.0001484572992340146,4.2309761192146625e-05,0.1654,5500,20,0.00022550320759510395,P3,P6,encoded_column,1000
introduced_distortion,-0.00014566833782332848,-0.00030213074936117143,-2.7111920819165426e-05,0.0054,5500,20,0.00032752480636182355,P3,P6,encoded_column,2000
introduced_distortion,-8.60173340779335e-05,-0.00023167748880189987,3.3413843261763206e-05,0.1008,5500,20,0.00031539081762270595,P3,P6,semantic_group,500
introduced_distortion,-4.543390344990013e-05,-0.00015528105410116363,4.055352547244403e-05,0.1682,5500,20,0.00022550320759510395,P3,P6,semantic_group,1000
introduced_distortion,-0.00014566833782332848,-0.0003007180675004585,-2.4959315584474236e-05,0.007,5500,20,0.00032752480636182355,P3,P6,semantic_group,2000
introduced_distortion,-2.5141222963364435e-05,-7.542366889009331e-05,0.0,0.0,5500,20,0.00011243496716712318,P4,P5,encoded_column,500
introduced_distortion,5.9172116270223005e-06,0.0,1.6635033523404856e-05,0.8816,5500,20,2.178458551036367e-05,P4,P5,encoded_column,1000
introduced_distortion,9.45406129983274e-06,-8.385278297281604e-06,3.6000152924431115e-05,0.7874,5500,20,5.2087797805743965e-05,P4,P5,encoded_column,2000
introduced_distortion,-2.5141222963364435e-05,-7.542366889009331e-05,0.0,0.0,5500,20,0.00011243496716712318,P4,P5,semantic_group,500
introduced_distortion,5.9172116270223005e-06,0.0,1.6635033523404853e-05,0.8806,5500,20,2.1784585510363663e-05,P4,P5,semantic_group,1000
introduced_distortion,9.45406129983274e-06,-8.433015518257146e-06,3.5850344076865135e-05,0.7804,5500,20,5.2087797805743965e-05,P4,P5,semantic_group,2000
introduced_distortion,2.672010191003422e-06,-9.084811382718722e-06,1.682589080104104e-05,0.6426,5500,20,3.07969209992597e-05,P4,P6,encoded_column,500
introduced_distortion,5.881453795430186e-05,5.703785435091444e-06,0.00012199681042312222,0.986,5500,20,0.00013787093831398216,P4,P6,encoded_column,1000
introduced_distortion,7.818531635178682e-05,-3.270191654935859e-05,0.00020439537133789306,0.9064,5500,20,0.00027932470047313713,P4,P6,encoded_column,2000
introduced_distortion,2.672010191003422e-06,-9.084811382718722e-06,1.710084195572899e-05,0.6498,5500,20,3.07969209992597e-05,P4,P6,semantic_group,500
introduced_distortion,5.8814537954301876e-05,6.207662650382918e-06,0.00012269187411150233,0.987,5500,20,0.00013787093831398216,P4,P6,semantic_group,1000
introduced_distortion,7.818531635178682e-05,-2.7729838552877216e-05,0.0002012929547627837,0.9114,5500,20,0.00027932470047313713,P4,P6,semantic_group,2000
introduced_distortion,2.781323315436786e-05,-7.1031267598081465e-06,8.338292655584417e-05,0.8764,5500,20,0.00011596829588395259,P5,P6,encoded_column,500
introduced_distortion,5.2897326327279575e-05,9.358399557572039e-07,0.00011657475844793621,0.977,5500,20,0.00013631372882343137,P5,P6,encoded_column,1000
introduced_distortion,6.873125505195407e-05,-3.9810148077433636e-05,0.00019287584209100696,0.8748,5500,20,0.00027502282750820447,P5,P6,encoded_column,2000
introduced_distortion,2.781323315436786e-05,-7.103126759808147e-06,8.313422459393416e-05,0.8712,5500,20,0.00011596829588395259,P5,P6,semantic_group,500
introduced_distortion,5.2897326327279575e-05,1.0483218397827913e-06,0.00012000754540181105,0.977,5500,20,0.00013631372882343137,P5,P6,semantic_group,1000
introduced_distortion,6.873125505195407e-05,-3.9286797951038425e-05,0.00019492446330738849,0.8822,5500,20,0.00027502282750820447,P5,P6,semantic_group,2000
introduced_distortion_zero_opp,-0.01831978411251456,-0.04012183137704923,0.00045913819288886194,0.0292,30,14,0.04075224775379561,P3,P4,encoded_column,500
introduced_distortion_zero_opp,-0.018937665274650524,-0.03475415951130186,-0.005936153227094768,0.0,30,14,0.02894210704721867,P3,P4,encoded_column,1000
introduced_distortion_zero_opp,-0.038756757825290054,-0.05780161489795376,-0.021066219312268306,0.0,30,14,0.03668024565902967,P3,P4,encoded_column,2000
introduced_distortion_zero_opp,-0.01831978411251456,-0.04087982640484692,0.00011397568957289193,0.0276,30,14,0.04075224775379561,P3,P4,semantic_group,500
introduced_distortion_zero_opp,-0.018937665274650527,-0.03509758589749155,-0.005629721660806362,0.0002,30,14,0.028942107047218668,P3,P4,semantic_group,1000
introduced_distortion_zero_opp,-0.03875675782529004,-0.0581815604525979,-0.02140353168040342,0.0,30,14,0.03668024565902967,P3,P4,semantic_group,2000
introduced_distortion_zero_opp,-0.020789011367844994,-0.04210423085683744,-0.0037451738980270387,0.0034,30,14,0.03827301388502456,P3,P5,encoded_column,500
introduced_distortion_zero_opp,-0.017775355847914003,-0.03372875930103653,-0.0051399843171028425,0.0004,30,14,0.028509659286151623,P3,P5,encoded_column,1000
introduced_distortion_zero_opp,-0.03667704456061566,-0.056974134857238186,-0.018517358780445855,0.0,30,14,0.0383234828546504,P3,P5,encoded_column,2000
introduced_distortion_zero_opp,-0.020789011367844994,-0.04187350038705244,-0.003434208062751909,0.0034,30,14,0.03827301388502456,P3,P5,semantic_group,500
introduced_distortion_zero_opp,-0.017775355847914006,-0.03361757340371923,-0.005085487854445094,0.0004,30,14,0.028509659286151623,P3,P5,semantic_group,1000
introduced_distortion_zero_opp,-0.03667704456061566,-0.056695228483951976,-0.018566724960180133,0.0,30,14,0.0383234828546504,P3,P5,semantic_group,2000
introduced_distortion_zero_opp,-0.017353319147672883,-0.039539922073708225,0.0010369893851850682,0.0346,30,14,0.04062943007805842,P3,P6,encoded_column,500
introduced_distortion_zero_opp,-0.009444914489769338,-0.02377871073824195,0.0029997702195256382,0.0804,30,14,0.02706062264104028,P3,P6,encoded_column,1000
introduced_distortion_zero_opp,-0.026881987907977644,-0.046579484205913325,-0.009803290932940481,0.001,30,14,0.036930883770570654,P3,P6,encoded_column,2000
introduced_distortion_zero_opp,-0.017353319147672883,-0.03997107958843636,0.0013527640457059364,0.0354,30,14,0.04062943007805842,P3,P6,semantic_group,500
introduced_distortion_zero_opp,-0.009444914489769338,-0.023777267759834877,0.003315359999373772,0.079,30,14,0.02706062264104028,P3,P6,semantic_group,1000
introduced_distortion_zero_opp,-0.026881987907977644,-0.04695172851264296,-0.009493455643998462,0.0004,30,14,0.036930883770570654,P3,P6,semantic_group,2000
introduced_distortion_zero_opp,-0.0024692272553304357,-0.007407681765991307,0.0,0.0,30,14,0.009239002399530672,P4,P5,encoded_column,500
introduced_distortion_zero_opp,0.0011623094267365233,0.0,0.003053746771366491,0.883,30,14,0.003560463862117811,P4,P5,encoded_column,1000
introduced_distortion_zero_opp,0.002079713264674395,-0.0018413844838276237,0.007243378473550266,0.8018,30,14,0.009125111776213049,P4,P5,encoded_column,2000
introduced_distortion_zero_opp,-0.0024692272553304357,-0.007407681765991307,0.0,0.0,30,14,0.009239002399530672,P4,P5,semantic_group,500
introduced_distortion_zero_opp,0.0011623094267365233,0.0,0.003267595870668811,0.8812,30,14,0.003560463862117811,P4,P5,semantic_group,1000
introduced_distortion_zero_opp,0.002079713264674395,-0.0018522396493966147,0.007379480623715977,0.8094,30,14,0.009125111776213049,P4,P5,semantic_group,2000
introduced_distortion_zero_opp,0.000966464964841679,-0.0016584067556651902,0.003926809541710188,0.7462,30,14,0.005620625044978099,P4,P6,encoded_column,500
introduced_distortion_zero_opp,0.00949275078488119,0.00160996144630771,0.017598189879749912,0.9916,30,14,0.01655782388430935,P4,P6,encoded_column,1000
introduced_distortion_zero_opp,0.011874769917312403,-0.003740115756413892,0.02787964825053545,0.9364,30,14,0.03129210703544843,P4,P6,encoded_column,2000
introduced_distortion_zero_opp,0.000966464964841679,-0.0015322969897249175,0.004028156107075576,0.7378,30,14,0.005620625044978099,P4,P6,semantic_group,500
introduced_distortion_zero_opp,0.00949275078488119,0.0010647861268002574,0.017867874273611355,0.987,30,14,0.01655782388430935,P4,P6,semantic_group,1000
introduced_distortion_zero_opp,0.011874769917312403,-0.0033045647431600984,0.027950072387571682,0.9278,30,14,0.03129210703544843,P4,P6,semantic_group,2000
introduced_distortion_zero_opp,0.0034356922201721147,-0.0009553131437728679,0.009383916867331681,0.914,30,14,0.01057405344133146,P5,P6,encoded_column,500
introduced_distortion_zero_opp,0.008330441358144666,0.00012528265939233248,0.0164267307733718,0.9772,30,14,0.016292524206625913,P5,P6,encoded_column,1000
introduced_distortion_zero_opp,0.009795056652638008,-0.005196791860338328,0.02593874447626319,0.8896,30,14,0.03048928586557443,P5,P6,encoded_column,2000
introduced_distortion_zero_opp,0.0034356922201721147,-0.0010814229097131406,0.009383916867331681,0.9086,30,14,0.01057405344133146,P5,P6,semantic_group,500
introduced_distortion_zero_opp,0.008330441358144666,0.00034965372881264436,0.016706854519275113,0.9796,30,14,0.016292524206625913,P5,P6,semantic_group,1000
introduced_distortion_zero_opp,0.009795056652638008,-0.004898948843093095,0.02571622184977145,0.9006,30,14,0.03048928586557443,P5,P6,semantic_group,2000
leak_recall,-0.04254545454545454,-0.06395568181818183,-0.021248863636363656,0.0,5500,20,0.04991279912318523,P3,P4,encoded_column,500
leak_recall,-0.029606060606060598,-0.04960625,-0.00990909090909091,0.0018,5500,20,0.04784178813842213,P3,P4,encoded_column,1000
leak_recall,-0.04859848484848484,-0.0630162878787879,-0.033582575757575776,0.0,5500,20,0.03456157025673154,P3,P4,encoded_column,2000
leak_recall,-0.04690909090909091,-0.0709090909090909,-0.023631818181818243,0.0002,5500,20,0.05576187487760036,P3,P4,semantic_group,500
leak_recall,-0.027818181818181825,-0.04963636363636363,-0.005272727272727274,0.0078,5500,20,0.05214194165127393,P3,P4,semantic_group,1000
leak_recall,-0.03745454545454545,-0.052186363636363635,-0.02254545454545455,0.0,5500,20,0.03441880586942499,P3,P4,semantic_group,2000
leak_recall,-0.04834090909090909,-0.06882102272727272,-0.028567613636363644,0.0,5500,20,0.04782645765887964,P3,P5,encoded_column,500
leak_recall,-0.03537878787878788,-0.05234905303030304,-0.018575378787878797,0.0002,5500,20,0.03981329669333371,P3,P5,encoded_column,1000
leak_recall,-0.03481060606060606,-0.04801647727272728,-0.021134469696969724,0.0,5500,20,0.032044794711573774,P3,P5,encoded_column,2000
leak_recall,-0.04818181818181818,-0.07218636363636365,-0.024722727272727337,0.0,5500,20,0.05581146414698807,P3,P5,semantic_group,500
leak_recall,-0.03290909090909091,-0.0516409090909091,-0.013636363636363637,0.0,5500,20,0.04517964720940251,P3,P5,semantic_group,1000
leak_recall,-0.02818181818181818,-0.04145454545454545,-0.015272727272727275,0.0,5500,20,0.030352431820899726,P3,P5,semantic_group,2000
leak_recall,-0.032090909090909094,-0.05187916666666666,-0.010921022727272772,0.0008,5500,20,0.04781089608395438,P3,P6,encoded_column,500
leak_recall,-0.07411363636363637,-0.09631174242424242,-0.04912102272727273,0.0,5500,20,0.05543550528971148,P3,P6,encoded_column,1000
leak_recall,-0.08993939393939394,-0.10462215909090908,-0.07546098484848486,0.0,5500,20,0.03471865420747543,P3,P6,encoded_column,2000
leak_recall,-0.028545454545454547,-0.050909090909090904,-0.005272727272727272,0.0064,5500,20,0.054847964962686305,P3,P6,semantic_group,500
leak_recall,-0.072,-0.09636363636363636,-0.04527272727272727,0.0,5500,20,0.060991945360588995,P3,P6,semantic_group,1000
leak_recall,-0.10072727272727273,-0.11472727272727275,-0.08799545454545461,0.0,5500,20,0.033225343413967545,P3,P6,semantic_group,2000
leak_recall,-0.0057954545454545455,-0.011136931818181818,-0.0004318181818181818,0.017,5500,20,0.012326988853628333,P4,P5,encoded_column,500
leak_recall,-0.005772727272727272,-0.014129356060606061,0.0034850378787878765,0.1076,5500,20,0.02036594906932573,P4,P5,encoded_column,1000
leak_recall,0.013787878787878785,0.005734848484848484,0.023023484848484835,0.9996,5500,20,0.020287313300510527,P4,P5,encoded_column,2000
leak_recall,-0.0012727272727272724,-0.007636363636363637,0.004545454545454545,0.3356,5500,20,0.014366119342048438,P4,P5,semantic_group,500
leak_recall,-0.005090909090909091,-0.013272727272727275,0.004,0.1142,5500,20,0.020035635933606594,P4,P5,semantic_group,1000
leak_recall,0.009272727272727273,0.001090909090909091,0.018363636363636367,0.9882,5500,20,0.02038259541219609,P4,P5,semantic_group,2000
leak_recall,0.010454545454545454,-0.0009022727272727271,0.02128825757575757,0.9626,5500,20,0.025915642213409067,P4,P6,encoded_column,500
leak_recall,-0.04450757575757576,-0.05954564393939394,-0.02714318181818183,0.0,5500,20,0.03809691184197253,P4,P6,encoded_column,1000
leak_recall,-0.04134090909090909,-0.0501219696969697,-0.03255208333333335,0.0,5500,20,0.02085471716822925,P4,P6,encoded_column,2000
leak_recall,0.018363636363636367,0.0061818181818181816,0.029818181818181817,0.9984,5500,20,0.027730762977440863,P4,P6,semantic_group,500
leak_recall,-0.04418181818181818,-0.06072727272727272,-0.025636363636363634,0.0,5500,20,0.04143195892702475,P4,P6,semantic_group,1000
leak_recall,-0.06327272727272729,-0.072,-0.054000000000000006,0.0,5500,20,0.02118375866422141,P4,P6,semantic_group,2000
leak_recall,0.016250000000000004,0.0044164772727272724,0.026257954545454546,0.9964,5500,20,0.025964776657828557,P5,P6,encoded_column,500
leak_recall,-0.03873484848484849,-0.054007575757575754,-0.021650946969696976,0.0,5500,20,0.038440186664477384,P5,P6,encoded_column,1000
leak_recall,-0.055128787878787874,-0.06353030303030303,-0.0461814393939394,0.0,5500,20,0.02064157947092393,P5,P6,encoded_column,2000
leak_recall,0.01963636363636364,0.006727272727272728,0.03145454545454546,0.998,5500,20,0.029574920896994903,P5,P6,semantic_group,500
leak_recall,-0.039090909090909086,-0.05509545454545455,-0.01963636363636364,0.0002,5500,20,0.0419428140689513,P5,P6,semantic_group,1000
leak_recall,-0.07254545454545455,-0.08127272727272727,-0.06454545454545456,0.0,5500,20,0.019510316696308563,P5,P6,semantic_group,2000
deletion_precision,-0.04718181818181818,-0.07127499999999999,-0.023179545454545484,0.0,5500,20,0.05592039019130191,P3,P4,encoded_column,500
deletion_precision,-0.02124242424242424,-0.035303030303030294,-0.007636363636363637,0.0014,5500,20,0.0328501885773204,P3,P4,encoded_column,1000
deletion_precision,-0.025315151515151513,-0.03094871212121212,-0.019315075757575753,0.0,5500,20,0.013364688375159915,P3,P4,encoded_column,2000
deletion_precision,-0.04690909090909091,-0.07055,-0.02327272727272727,0.0,5500,20,0.05576187487760036,P3,P4,semantic_group,500
deletion_precision,-0.014537373737373734,-0.029375858585858585,0.00042666666666666043,0.0292,5500,20,0.03483813106173525,P3,P4,semantic_group,1000
deletion_precision,-0.011400000000000002,-0.015603181818181818,-0.007178712121212124,0.0,5500,20,0.010001090269694205,P3,P4,semantic_group,2000
deletion_precision,-0.049545454545454545,-0.07463636363636364,-0.02636363636363636,0.0,5500,20,0.05537762333040511,P3,P5,encoded_column,500
deletion_precision,-0.023242424242424245,-0.0364560606060606,-0.010694696969697,0.0,5500,20,0.03030703322843667,P3,P5,encoded_column,1000
deletion_precision,-0.017157575757575753,-0.022121969696969692,-0.011845303030303032,0.0,5500,20,0.012009242006759522,P3,P5,encoded_column,2000
deletion_precision,-0.04818181818181818,-0.07218181818181818,-0.0250863636363637,0.0,5500,20,0.05581146414698807,P3,P5,semantic_group,500
deletion_precision,-0.01799191919191919,-0.0325769696969697,-0.004512121212121226,0.0044,5500,20,0.032316985308078035,P3,P5,semantic_group,1000
deletion_precision,-0.008469696969696969,-0.012015151515151515,-0.004808787878787882,0.0,5500,20,0.008330189344574133,P3,P5,semantic_group,2000
deletion_precision,-0.02736363636363636,-0.05090909090909089,-0.003725000000000032,0.01,5500,20,0.05497905805583062,P3,P6,encoded_column,500
deletion_precision,-0.025212121212121213,-0.03933333333333333,-0.008,0.0016,5500,20,0.03648538894405427,P3,P6,encoded_column,1000
deletion_precision,-0.010803030303030304,-0.01748810606060606,-0.003799848484848487,0.001,5500,20,0.016125646941901665,P3,P6,encoded_column,2000
deletion_precision,-0.028545454545454547,-0.05072727272727272,-0.005272727272727272,0.0114,5500,20,0.054847964962686305,P3,P6,semantic_group,500
deletion_precision,-0.0313939393939394,-0.04585267676767676,-0.013935252525252524,0.0004,5500,20,0.038261048736726574,P3,P6,semantic_group,1000
deletion_precision,-0.027763085399449033,-0.03256841597796144,-0.02281144628099174,0.0,5500,20,0.01129941943266238,P3,P6,semantic_group,2000
deletion_precision,-0.0023636363636363638,-0.008368181818181818,0.0034545454545454545,0.2346,5500,20,0.014366119342048438,P4,P5,encoded_column,500
deletion_precision,-0.002000000000000001,-0.006090909090909091,0.0019098484848484743,0.1668,5500,20,0.009520117762485377,P4,P5,encoded_column,1000
deletion_precision,0.008157575757575756,0.005348484848484847,0.011333560606060602,1.0,5500,20,0.007112194229049696,P4,P5,encoded_column,2000
deletion_precision,-0.0012727272727272724,-0.007272727272727274,0.004545454545454545,0.3488,5500,20,0.014366119342048438,P4,P5,semantic_group,500
deletion_precision,-0.003454545454545454,-0.007939898989898992,0.0012424242424242421,0.0716,5500,20,0.010868236256664672,P4,P5,semantic_group,1000
deletion_precision,0.0029303030303030305,0.0005515151515151516,0.005818409090909089,0.996,5500,20,0.006029626563966803,P4,P5,semantic_group,2000
deletion_precision,0.019818181818181815,0.007997727272727271,0.030818181818181817,0.9994,5500,20,0.026954442579501435,P4,P6,encoded_column,500
deletion_precision,-0.0039696969696969685,-0.013757575757575755,0.006757575757575758,0.2316,5500,20,0.024798623486753362,P4,P6,encoded_column,1000
deletion_precision,0.014512121212121216,0.009245000000000001,0.019315606060606057,1.0,5500,20,0.011753357157653969,P4,P6,encoded_column,2000
deletion_precision,0.018363636363636367,0.006,0.029818181818181817,0.998,5500,20,0.027730762977440863,P4,P6,semantic_group,500
deletion_precision,-0.016856565656565656,-0.027254141414141418,-0.004959141414141421,0.0024,5500,20,0.02597362965360957,P4,P6,semantic_group,1000
deletion_precision,-0.016363085399449036,-0.019183684573002752,-0.01358529614325069,0.0,5500,20,0.006552700283446271,P4,P6,semantic_group,2000
deletion_precision,0.022181818181818184,0.008909090909090908,0.03372954545454542,0.9992,5500,20,0.029291176687749096,P5,P6,encoded_column,500
deletion_precision,-0.001969696969696969,-0.01266742424242424,0.009545454545454546,0.3574,5500,20,0.026601250051026214,P5,P6,encoded_column,1000
deletion_precision,0.006354545454545455,0.0017544696969696977,0.01088189393939394,0.9972,5500,20,0.010631107813261972,P5,P6,encoded_column,2000
deletion_precision,0.01963636363636364,0.006000000000000002,0.031636363636363636,0.9968,5500,20,0.029574920896994903,P5,P6,semantic_group,500
deletion_precision,-0.013402020202020202,-0.02563262626262626,0.0003660101010100976,0.0276,5500,20,0.029738076119111837,P5,P6,semantic_group,1000
deletion_precision,-0.01929338842975207,-0.022448760330578507,-0.01643608126721763,0.0,5500,20,0.007053649761546842,P5,P6,semantic_group,2000
legit_retention,-0.002772513173101408,-0.004355073823235589,-0.0012424368499147941,0.0002,5500,20,0.003653891600024713,P3,P4,encoded_column,500
legit_retention,-0.0024909076217899746,-0.003922507029734971,-0.0010898103195823793,0.0004,5500,20,0.0032862557778184395,P3,P4,encoded_column,1000
legit_retention,-0.006398129419600008,-0.007784885567863511,-0.004840084001782532,0.0,5500,20,0.003393211786682549,P3,P4,encoded_column,2000
legit_retention,-0.002711907112495348,-0.004295695965798908,-0.0011228980602730615,0.0004,5500,20,0.0036506855102198307,P3,P4,semantic_group,500
legit_retention,-0.0014856045914869438,-0.002860403750661103,-0.0001380008986111928,0.0136,5500,20,0.0031608174203413093,P3,P4,semantic_group,1000
legit_retention,-0.002367068813539403,-0.0032157281909267208,-0.0014548282403870647,0.0,5500,20,0.0020793284777774184,P3,P4,semantic_group,2000
legit_retention,-0.002942349219408043,-0.004502555897533839,-0.0014519591315547216,0.0,5500,20,0.003564199137626689,P3,P5,encoded_column,500
legit_retention,-0.0025301477933830875,-0.0038102489838592784,-0.0012554677454898041,0.0002,5500,20,0.0030089059093058148,P3,P5,encoded_column,1000
legit_retention,-0.0042860082074787954,-0.0054826210799004925,-0.002962259358288771,0.0,5500,20,0.0030117835849363737,P3,P5,encoded_column,2000
legit_retention,-0.0028438643709231947,-0.0044401098631760404,-0.0013805585027717392,0.0,5500,20,0.003583027691695932,P3,P5,semantic_group,500
legit_retention,-0.001867269005504299,-0.0030779157264304315,-0.0006707415794989328,0.001,5500,20,0.0028371355360958805,P3,P5,semantic_group,1000
legit_retention,-0.0017140385105090996,-0.002427209983643807,-0.0010025380061115367,0.0,5500,20,0.0016792731691757721,P3,P5,semantic_group,2000
legit_retention,-0.0015278686999275234,-0.003080798708644297,8.784183463595283e-05,0.0338,5500,20,0.0037296967659989975,P3,P6,encoded_column,500
legit_retention,-0.0024315738183385218,-0.004054016750406453,-0.0007070662034044375,0.0036,5500,20,0.003960271035964082,P3,P6,encoded_column,1000
legit_retention,-0.0009776748741454641,-0.0027039121687136417,0.0007602905305478824,0.1334,5500,20,0.004100875625812506,P3,P6,encoded_column,2000
legit_retention,-0.0016945353665941906,-0.003234889931147285,-7.726633170750863e-05,0.0218,5500,20,0.0036484626165644205,P3,P6,semantic_group,500
legit_retention,-0.0037338465456112496,-0.005203544252316309,-0.0020221245053965646,0.0,5500,20,0.003718318434431251,P3,P6,semantic_group,1000
legit_retention,-0.006041311237781827,-0.007176980477855481,-0.004945154470529472,0.0,5500,20,0.0025839569778333005,P3,P6,semantic_group,2000
legit_retention,-0.0001698360463066345,-0.0005730350678733034,0.00020961573720397226,0.194,5500,20,0.0009139453547900437,P4,P5,encoded_column,500
legit_retention,-3.924017159311272e-05,-0.0004637604797163621,0.0003788636363636361,0.4242,5500,20,0.0009959248254347442,P4,P5,encoded_column,1000
legit_retention,0.0021121212121212127,0.001421041666666667,0.002890170454545455,1.0,5500,20,0.0017717857612370616,P4,P5,encoded_column,2000
legit_retention,-0.0001319572584278467,-0.0005393672871246402,0.00024453510949834403,0.2556,5500,20,0.0009189547628085531,P4,P5,semantic_group,500
legit_retention,-0.00038166441401735527,-0.0008540496390864037,0.00010410700818789029,0.0646,5500,20,0.0011323980321438119,P4,P5,semantic_group,1000
legit_retention,0.0006530303030303032,0.00013405303030302997,0.0012780303030303034,0.9956,5500,20,0.0013360753666379086,P4,P5,semantic_group,2000
legit_retention,0.001244644473173885,0.00043400682160976266,0.0019712799847211603,0.9984,5500,20,0.001775168720845867,P4,P6,encoded_column,500
legit_retention,5.933380345145266e-05,-0.0010793689031556657,0.00123553860355331,0.5368,5500,20,0.0027114030008249935,P4,P6,encoded_column,1000
legit_retention,0.005420454545454545,0.004118162878787878,0.0066182007575757585,1.0,5500,20,0.002916822009575151,P4,P6,encoded_column,2000
legit_retention,0.0010173717459011579,0.00025453809425868236,0.0017175891583906292,0.9932,5500,20,0.001745143233373778,P4,P6,semantic_group,500
legit_retention,-0.002248241954124306,-0.003320559746625922,-0.0010713444888444876,0.0002,5500,20,0.0026612917915929675,P4,P6,semantic_group,1000
legit_retention,-0.003674242424242425,-0.004328049242424243,-0.0030711931818181823,0.0,5500,20,0.0014916559442105606,P4,P6,semantic_group,2000
legit_retention,0.0014144805194805197,0.0004587862554112551,0.0022175162337662343,0.9976,5500,20,0.0020746593083790536,P5,P6,encoded_column,500
legit_retention,9.857397504456537e-05,-0.0009717635918003555,0.0012553409090909115,0.5578,5500,20,0.0026561336779607763,P5,P6,encoded_column,1000
legit_retention,0.003308333333333332,0.0022257386363636346,0.0042962310606060585,1.0,5500,20,0.0024665872879476233,P5,P6,encoded_column,2000
legit_retention,0.0011493290043290045,0.00023471266233766208,0.0019713062770562776,0.9924,5500,20,0.0020437134167686994,P5,P6,semantic_group,500
legit_retention,-0.00186657754010695,-0.0029689962121212097,-0.000596085115864527,0.0034,5500,20,0.00281102664903617,P5,P6,semantic_group,1000
legit_retention,-0.004327272727272728,-0.005188636363636365,-0.0035757575757575768,0.0,5500,20,0.0018719095162586233,P5,P6,semantic_group,2000
semantic_group_recall_full,-0.041090909090909095,-0.061818181818181814,-0.021272727272727276,0.0,5500,20,0.048530919100537674,P3,P4,encoded_column,500
semantic_group_recall_full,-0.029636363636363638,-0.049090909090909095,-0.008545454545454545,0.002,5500,20,0.04741641761475806,P3,P4,encoded_column,1000
semantic_group_recall_full,-0.0450909090909091,-0.059818181818181826,-0.029995454545454603,0.0,5500,20,0.03510550803242813,P3,P4,encoded_column,2000
semantic_group_recall_full,-0.04690909090909091,-0.07054545454545455,-0.022727272727272728,0.0002,5500,20,0.05576187487760036,P3,P4,semantic_group,500
semantic_group_recall_full,-0.027818181818181825,-0.05018181818181818,-0.005636363636363637,0.0074,5500,20,0.05214194165127393,P3,P4,semantic_group,1000
semantic_group_recall_full,-0.03745454545454545,-0.052000000000000005,-0.02254545454545455,0.0,5500,20,0.03441880586942499,P3,P4,semantic_group,2000
semantic_group_recall_full,-0.04763636363636363,-0.06745454545454546,-0.028363636363636358,0.0,5500,20,0.045995252889686936,P3,P5,encoded_column,500
semantic_group_recall_full,-0.035454545454545454,-0.0516409090909091,-0.019272727272727275,0.0002,5500,20,0.038408984739809665,P3,P5,encoded_column,1000
semantic_group_recall_full,-0.03127272727272727,-0.04563636363636363,-0.017454545454545452,0.0,5500,20,0.033252562718679615,P3,P5,encoded_column,2000
semantic_group_recall_full,-0.04818181818181818,-0.07181818181818182,-0.024363636363636365,0.0,5500,20,0.05581146414698807,P3,P5,semantic_group,500
semantic_group_recall_full,-0.03290909090909091,-0.05236363636363637,-0.013268181818181884,0.0002,5500,20,0.04517964720940251,P3,P5,semantic_group,1000
semantic_group_recall_full,-0.02818181818181818,-0.04145454545454545,-0.015272727272727275,0.0,5500,20,0.030352431820899726,P3,P5,semantic_group,2000
semantic_group_recall_full,-0.03272727272727273,-0.05181818181818182,-0.012909090909090912,0.0006,5500,20,0.04584521113573407,P3,P6,encoded_column,500
semantic_group_recall_full,-0.08,-0.10236363636363636,-0.05435909090909096,0.0,5500,20,0.05607426877779832,P3,P6,encoded_column,1000
semantic_group_recall_full,-0.10145454545454544,-0.11581818181818182,-0.08727272727272725,0.0,5500,20,0.03361683126147728,P3,P6,encoded_column,2000
semantic_group_recall_full,-0.028545454545454547,-0.05127272727272728,-0.005454545454545453,0.008,5500,20,0.054847964962686305,P3,P6,semantic_group,500
semantic_group_recall_full,-0.072,-0.09672727272727273,-0.04436363636363637,0.0,5500,20,0.060991945360588995,P3,P6,semantic_group,1000
semantic_group_recall_full,-0.10072727272727273,-0.11527272727272728,-0.08727272727272728,0.0,5500,20,0.033225343413967545,P3,P6,semantic_group,2000
semantic_group_recall_full,-0.006545454545454546,-0.011822727272727275,-0.0010909090909090914,0.0076,5500,20,0.012351246254388163,P4,P5,encoded_column,500
semantic_group_recall_full,-0.005818181818181818,-0.014363636363636361,0.003818181818181818,0.1102,5500,20,0.02105193561268066,P4,P5,encoded_column,1000
semantic_group_recall_full,0.013818181818181818,0.005636363636363636,0.022727272727272728,0.9998,5500,20,0.020215455394291964,P4,P5,encoded_column,2000
semantic_group_recall_full,-0.0012727272727272724,-0.007454545454545454,0.0047272727272727275,0.3326,5500,20,0.014366119342048438,P4,P5,semantic_group,500
semantic_group_recall_full,-0.005090909090909091,-0.013272727272727275,0.003818181818181818,0.1228,5500,20,0.020035635933606594,P4,P5,semantic_group,1000
semantic_group_recall_full,0.009272727272727273,0.0010909090909090912,0.018363636363636367,0.9872,5500,20,0.02038259541219609,P4,P5,semantic_group,2000
semantic_group_recall_full,0.008363636363636363,-0.002909090909090909,0.018727272727272724,0.929,5500,20,0.02533395907440535,P4,P6,encoded_column,500
semantic_group_recall_full,-0.05036363636363637,-0.06563636363636363,-0.033636363636363645,0.0,5500,20,0.0384886283291157,P4,P6,encoded_column,1000
semantic_group_recall_full,-0.05636363636363636,-0.06563636363636363,-0.04709090909090909,0.0,5500,20,0.02128536000809491,P4,P6,encoded_column,2000
semantic_group_recall_full,0.018363636363636367,0.006545454545454546,0.03,0.9988,5500,20,0.027730762977440863,P4,P6,semantic_group,500
semantic_group_recall_full,-0.04418181818181818,-0.0610909090909091,-0.025636363636363634,0.0,5500,20,0.04143195892702475,P4,P6,semantic_group,1000
semantic_group_recall_full,-0.06327272727272729,-0.07181818181818182,-0.054181818181818185,0.0,5500,20,0.02118375866422141,P4,P6,semantic_group,2000
semantic_group_recall_full,0.014909090909090908,0.0034545454545454545,0.024363636363636365,0.9918,5500,20,0.024996563487165575,P5,P6,encoded_column,500
semantic_group_recall_full,-0.04454545454545454,-0.06,-0.026000000000000002,0.0002,5500,20,0.039867112886001144,P5,P6,encoded_column,1000
semantic_group_recall_full,-0.07018181818181818,-0.07982272727272728,-0.06090909090909091,0.0,5500,20,0.021980259243995097,P5,P6,encoded_column,2000
semantic_group_recall_full,0.01963636363636364,0.0063590909090909115,0.03163636363636364,0.9986,5500,20,0.029574920896994903,P5,P6,semantic_group,500
semantic_group_recall_full,-0.039090909090909086,-0.05509545454545455,-0.019090909090909092,0.0,5500,20,0.0419428140689513,P5,P6,semantic_group,1000
semantic_group_recall_full,-0.07254545454545455,-0.08109545454545455,-0.0641818181818182,0.0,5500,20,0.019510316696308563,P5,P6,semantic_group,2000
semantic_group_recall_any,-0.047090909090909086,-0.07181818181818181,-0.023268181818181882,0.0,5500,20,0.0553808436423664,P3,P4,encoded_column,500
semantic_group_recall_any,-0.028909090909090912,-0.04981818181818182,-0.008904545454545519,0.004,5500,20,0.048190935311467,P3,P4,encoded_column,1000
semantic_group_recall_any,-0.03727272727272727,-0.051636363636363626,-0.022000000000000002,0.0,5500,20,0.03427240363838922,P3,P4,encoded_column,2000
semantic_group_recall_any,-0.04690909090909091,-0.07145454545454544,-0.023450000000000068,0.0,5500,20,0.05576187487760036,P3,P4,semantic_group,500
semantic_group_recall_any,-0.027818181818181825,-0.04945909090909091,-0.00581363636363643,0.0064,5500,20,0.05214194165127393,P3,P4,semantic_group,1000
semantic_group_recall_any,-0.03745454545454545,-0.052000000000000005,-0.022909090909090914,0.0,5500,20,0.03441880586942499,P3,P4,semantic_group,2000
semantic_group_recall_any,-0.04945454545454546,-0.07290909090909091,-0.027268181818181886,0.0,5500,20,0.05491295654823371,P3,P5,encoded_column,500
semantic_group_recall_any,-0.035090909090909096,-0.052909090909090906,-0.018,0.0002,5500,20,0.04083981374987938,P3,P5,encoded_column,1000
semantic_group_recall_any,-0.027999999999999997,-0.04090909090909091,-0.015272727272727275,0.0,5500,20,0.030150557397049266,P3,P5,encoded_column,2000
semantic_group_recall_any,-0.04818181818181818,-0.07309090909090908,-0.025086363636363698,0.0,5500,20,0.05581146414698807,P3,P5,semantic_group,500
semantic_group_recall_any,-0.03290909090909091,-0.052004545454545456,-0.01399545454545461,0.0006,5500,20,0.04517964720940251,P3,P5,semantic_group,1000
semantic_group_recall_any,-0.02818181818181818,-0.04090909090909091,-0.01490909090909091,0.0,5500,20,0.030352431820899726,P3,P5,semantic_group,2000
semantic_group_recall_any,-0.029272727272727277,-0.05254545454545454,-0.005818181818181819,0.0072,5500,20,0.053825875565407896,P3,P6,encoded_column,500
semantic_group_recall_any,-0.07527272727272727,-0.09818181818181818,-0.05018181818181818,0.0,5500,20,0.05593882198556443,P3,P6,encoded_column,1000
semantic_group_recall_any,-0.10072727272727273,-0.11490909090909093,-0.08727272727272727,0.0,5500,20,0.032761279514187155,P3,P6,encoded_column,2000
semantic_group_recall_any,-0.028545454545454547,-0.05181818181818182,-0.004722727272727338,0.0096,5500,20,0.054847964962686305,P3,P6,semantic_group,500
semantic_group_recall_any,-0.072,-0.09727272727272726,-0.043454545454545454,0.0,5500,20,0.060991945360588995,P3,P6,semantic_group,1000
semantic_group_recall_any,-0.10072727272727273,-0.11527272727272728,-0.08709090909090908,0.0,5500,20,0.033225343413967545,P3,P6,semantic_group,2000
semantic_group_recall_any,-0.0023636363636363638,-0.008545454545454545,0.0036363636363636364,0.2272,5500,20,0.014366119342048438,P4,P5,encoded_column,500
semantic_group_recall_any,-0.0061818181818181816,-0.013818181818181818,0.0021818181818181815,0.065,5500,20,0.019136650601901135,P4,P5,encoded_column,1000
semantic_group_recall_any,0.009272727272727273,0.0012727272727272726,0.018363636363636363,0.99,5500,20,0.02038259541219609,P4,P5,encoded_column,2000
semantic_group_recall_any,-0.0012727272727272724,-0.007272727272727274,0.0047272727272727275,0.3436,5500,20,0.014366119342048438,P4,P5,semantic_group,500
semantic_group_recall_any,-0.005090909090909091,-0.013272727272727273,0.0041818181818181815,0.1212,5500,20,0.020035635933606594,P4,P5,semantic_group,1000
semantic_group_recall_any,0.009272727272727273,0.0010909090909090907,0.018549999999999938,0.9864,5500,20,0.02038259541219609,P4,P5,semantic_group,2000
semantic_group_recall_any,0.017818181818181816,0.006545454545454546,0.028545454545454547,0.999,5500,20,0.026219536892030264,P4,P6,encoded_column,500
semantic_group_recall_any,-0.046363636363636364,-0.06309090909090909,-0.029636363636363638,0.0,5500,20,0.03919813934208725,P4,P6,encoded_column,1000
semantic_group_recall_any,-0.06345454545454546,-0.07236363636363637,-0.05436363636363636,0.0,5500,20,0.021219046488574776,P4,P6,encoded_column,2000
semantic_group_recall_any,0.018363636363636367,0.006363636363636365,0.02981818181818182,0.9986,5500,20,0.027730762977440863,P4,P6,semantic_group,500
semantic_group_recall_any,-0.04418181818181818,-0.06072727272727273,-0.02509090909090909,0.0,5500,20,0.04143195892702475,P4,P6,semantic_group,1000
semantic_group_recall_any,-0.06327272727272729,-0.07182272727272729,-0.05381818181818182,0.0,5500,20,0.02118375866422141,P4,P6,semantic_group,2000
semantic_group_recall_any,0.020181818181818183,0.007272727272727274,0.03163636363636364,0.9984,5500,20,0.028522558092485165,P5,P6,encoded_column,500
semantic_group_recall_any,-0.04018181818181819,-0.05563636363636364,-0.022727272727272728,0.0,5500,20,0.03887007837148622,P5,P6,encoded_column,1000
semantic_group_recall_any,-0.07272727272727272,-0.08127272727272727,-0.06436363636363637,0.0,5500,20,0.019493365552553085,P5,P6,encoded_column,2000
semantic_group_recall_any,0.01963636363636364,0.006722727272727273,0.03127272727272727,0.9968,5500,20,0.029574920896994903,P5,P6,semantic_group,500
semantic_group_recall_any,-0.039090909090909086,-0.055999999999999994,-0.020181818181818183,0.0,5500,20,0.0419428140689513,P5,P6,semantic_group,1000
semantic_group_recall_any,-0.07254545454545455,-0.08072727272727273,-0.06454545454545454,0.0,5500,20,0.019510316696308563,P5,P6,semantic_group,2000
partial_group_violation_rate,-0.006,-0.010004545454545455,-0.002181818181818182,0.001,5500,20,0.009159549479776083,P3,P4,encoded_column,500
partial_group_violation_rate,0.0007272727272727271,-0.0016363636363636365,0.0030909090909090908,0.7144,5500,20,0.005483178435818561,P3,P4,encoded_column,1000
partial_group_violation_rate,0.007818181818181818,0.005272727272727272,0.010363636363636363,1.0,5500,20,0.006047513769518717,P3,P4,encoded_column,2000
partial_group_violation_rate,0.0,0.0,0.0,0.0,5500,20,0.0,P3,P4,semantic_group,500
partial_group_violation_rate,0.0,0.0,0.0,0.0,5500,20,0.0,P3,P4,semantic_group,1000
partial_group_violation_rate,0.0,0.0,0.0,0.0,5500,20,0.0,P3,P4,semantic_group,2000
partial_group_violation_rate,-0.0018181818181818182,-0.006545454545454546,0.002727272727272728,0.2316,5500,20,0.01116135755929059,P3,P5,encoded_column,500
partial_group_violation_rate,0.00036363636363636367,-0.0019999999999999996,0.002909090909090909,0.6132,5500,20,0.005645770819177017,P3,P5,encoded_column,1000
partial_group_violation_rate,0.003272727272727273,0.00018181818181818194,0.006,0.9828,5500,20,0.006663476110529557,P3,P5,encoded_column,2000
partial_group_violation_rate,0.0,0.0,0.0,0.0,5500,20,0.0,P3,P5,semantic_group,500
partial_group_violation_rate,0.0,0.0,0.0,0.0,5500,20,0.0,P3,P5,semantic_group,1000
partial_group_violation_rate,0.0,0.0,0.0,0.0,5500,20,0.0,P3,P5,semantic_group,2000
partial_group_violation_rate,0.0034545454545454545,-0.0016409090909090896,0.008727272727272726,0.9036,5500,20,0.012230922953483147,P3,P6,encoded_column,500
partial_group_violation_rate,0.0047272727272727275,0.0018181818181818182,0.007636363636363637,0.9996,5500,20,0.007088577705315611,P3,P6,encoded_column,1000
partial_group_violation_rate,0.0007272727272727274,-0.0023636363636363638,0.003640909090909026,0.6834,5500,20,0.007234348496797673,P3,P6,encoded_column,2000
partial_group_violation_rate,0.0,0.0,0.0,0.0,5500,20,0.0,P3,P6,semantic_group,500
partial_group_violation_rate,0.0,0.0,0.0,0.0,5500,20,0.0,P3,P6,semantic_group,1000
partial_group_violation_rate,0.0,0.0,0.0,0.0,5500,20,0.0,P3,P6,semantic_group,2000
partial_group_violation_rate,0.004181818181818182,0.002,0.006545454545454546,1.0,5500,20,0.00531234088112139,P4,P5,encoded_column,500
partial_group_violation_rate,-0.0003636363636363636,-0.002181818181818182,0.0018181818181818182,0.3396,5500,20,0.004704398097685293,P4,P5,encoded_column,1000
partial_group_violation_rate,-0.004545454545454545,-0.006363636363636365,-0.0027272727272727275,0.0,5500,20,0.004233300738869792,P4,P5,encoded_column,2000
partial_group_violation_rate,0.0,0.0,0.0,0.0,5500,20,0.0,P4,P5,semantic_group,500
partial_group_violation_rate,0.0,0.0,0.0,0.0,5500,20,0.0,P4,P5,semantic_group,1000
partial_group_violation_rate,0.0,0.0,0.0,0.0,5500,20,0.0,P4,P5,semantic_group,2000
partial_group_violation_rate,0.009454545454545455,0.006363636363636363,0.012363636363636365,1.0,5500,20,0.007117970689884988,P4,P6,encoded_column,500
partial_group_violation_rate,0.004,0.0016363636363636365,0.006545454545454544,0.9994,5500,20,0.0056457708191770175,P4,P6,encoded_column,1000
partial_group_violation_rate,-0.00709090909090909,-0.011454545454545455,-0.003090909090909091,0.0,5500,20,0.009833763995061598,P4,P6,encoded_column,2000
partial_group_violation_rate,0.0,0.0,0.0,0.0,5500,20,0.0,P4,P6,semantic_group,500
partial_group_violation_rate,0.0,0.0,0.0,0.0,5500,20,0.0,P4,P6,semantic_group,1000
partial_group_violation_rate,0.0,0.0,0.0,0.0,5500,20,0.0,P4,P6,semantic_group,2000
partial_group_violation_rate,0.0052727272727272735,0.0014545454545454547,0.008545454545454545,0.9956,5500,20,0.008129016222224669,P5,P6,encoded_column,500
partial_group_violation_rate,0.004363636363636363,0.0012727272727272728,0.007272727272727273,0.998,5500,20,0.007039316665796271,P5,P6,encoded_column,1000
partial_group_violation_rate,-0.002545454545454545,-0.006727272727272728,0.0012727272727272726,0.0962,5500,20,0.009371738957262926,P5,P6,encoded_column,2000
partial_group_violation_rate,0.0,0.0,0.0,0.0,5500,20,0.0,P5,P6,semantic_group,500
partial_group_violation_rate,0.0,0.0,0.0,0.0,5500,20,0.0,P5,P6,semantic_group,1000
partial_group_violation_rate,0.0,0.0,0.0,0.0,5500,20,0.0,P5,P6,semantic_group,2000
